defendingright,attackingdown,steel fairy,flying steel,ghost steel,dragon steel,water steel,steel ,normal steel,bug steel,normal ghost,electric steel,dark steel,poison steel,grass steel,ground steel,fighting steel,ghost dark,psychic steel,poison dark,electric ghost,electric fairy,electric flying,fire steel,water poison,water ghost,water fairy,ghost fairy,normal poison,fire ghost,electric poison,fire fairy,dragon fairy,normal fairy,ghost ,poison fairy,water electric,poison ,water ground,fairy ,normal electric,electric ,ghost dragon,fire dark,normal fire,fire ,fire ground,water flying,ground fairy,poison ghost,normal water,electric bug,water ,fire electric,poison dragon,ground flying,normal flying,dark fairy,fire flying,poison ground,poison flying,electric dark,fire water,water bug,fire dragon,electric fighting,normal ,ground ghost,flying ghost,fighting ghost,flying dark,flying ,water dragon,rock steel,ice steel,water dark,fire fighting,electric dragon,normal psychic,flying fairy,bug ghost,grass ghost,electric ground,normal dragon,fire grass,poison psychic,dragon ,fire poison,water fighting,fire psychic,normal ground,ground ,normal bug,psychic fairy,dark ,fire bug,fighting poison,flying rock,bug fairy,electric psychic,grass poison,poison bug,ice ghost,ground bug,normal fighting,water grass,bug ,fighting ,water psychic,rock fairy,flying dragon,ground dark,rock ghost,fighting fairy,fighting flying,bug dark,electric grass,fighting dark,ground dragon,bug rock,fighting psychic,psychic ,dragon dark,grass fairy,poison rock,ice poison,bug dragon,psychic ghost,normal dark,flying psychic,electric ice,fighting dragon,psychic dragon,water rock,electric rock,fighting bug,ground psychic,normal grass,fighting ground,rock ,grass ,psychic dark,ice fairy,water ice,grass rock,fire rock,rock dragon,normal rock,fire ice,ice dragon,fighting rock,grass ground,ice flying,ice ground,ice ,psychic bug,flying bug,grass flying,grass dark,rock dark,grass fighting,psychic rock,normal ice,ice fighting,ice dark,ice psychic,grass psychic,ground rock,grass dragon,ice bug,grass bug,grass ice,ice rock
ICE,GROund,1.6,1,1.6,1.6,1.6,1.6,1.6,1,1,2.56,1.6,2.56,1,1.6,1.6,1,1.6,1.6,1.6,1.6,1.6,2.56,1.6,1,1,1,1.6,1.6,2.56,1.6,1.6,1,1,1.6,1.6,1.6,1,1,1.6,1.6,1.6,1.6,1.6,1.6,1.6,1,1.6,1.6,1,1,1,2.56,1.6,2.56,1.6,1,1,1.6,1.6,1.6,1.6,0.625,1.6,1.6,1,1.6,1.6,1,1.6,1.6,1,2.56,1.6,1,1.6,1.6,1,1.6,1,1.6,1.6,1.6,1,1.6,1.6,2.56,1,1.6,1.6,1.6,1,1,1,1,1.6,1.6,1,1.6,1.6,1,1,1.6,1,1,1,1,1,1.6,2.56,1.6,1.6,1,1.6,1,1.6,1,2.56,1,1,1,1.6,1.6,2.56,1.6,1.6,1,1,1.6,1.6,1.6,1.6,1.6,2.56,1,1.6,1.6,1.6,1.6,1.6,1,1,1,1.6,2.56,1.6,1.6,1.6,1,1.6,2.56,1,1,1,1,1.6,2.56,1.6,1.6,1.6,1.6,1,1,1,1,1.6,1.6,2.56,0.625,1.6,1,1.6
GROund,FLYing,1.6,0.625,1.6,1.6,1.6,1.6,1.6,1,1,2.56,1.6,2.56,1,1.6,1.6,1,1.6,1.6,1.6,1.6,0.625,2.56,1.6,1,1,1,1.6,1.6,2.56,1.6,1,1,1,1.6,1.6,1.6,1,1,1.6,1.6,1,1.6,1.6,1.6,1.6,1,1,1.6,1,1,1,2.56,1.6,1,1,1,1,1.6,1,1.6,1.6,1.6,1.6,1.6,1,1,1,1.6,1,1,1,2.56,1.6,1,1.6,1.6,1,1,1.6,1.6,1.6,1,1.6,1.6,1,2.56,1.6,1.6,1,1,1.6,1,1,1.6,1.6,0.625,1.6,1.6,1.6,1.6,1,1.6,1.6,1.6,1.6,1.6,1,1.6,1,1,1.6,1.6,1.6,1.6,1,1.6,1,1,1.6,1,1,1.6,2.56,1.6,1.6,1,1,1,1.6,1.6,1,1.6,2.56,2.56,1,1.6,1.6,1.6,1.6,1,1,1,1,2.56,1.6,1.6,1.6,1,1.6,1.6,1,1,1,1.6,1.6,1.6,1.6,1.6,2.56,1.6,1,1.6,1,1,1.6,1.6,1.6,1.6,2.56,1.6,1.6
GROund,ROCk,1.6,1,1.6,1.6,1.6,1.6,1.6,1,1,2.56,1.6,2.56,1,1.6,1.6,1,1.6,1.6,1.6,1.6,1.6,2.56,1.6,1,1,1,1.6,1.6,2.56,1.6,1,1,1,1.6,1.6,1.6,1,1,1.6,1.6,1,1.6,1.6,1.6,1.6,1.6,1,1.6,1,1.6,1,2.56,1.6,1,1.6,1,2.56,1.6,1.6,1.6,1.6,1.6,1.6,1.6,1,1,1.6,1,1.6,1.6,1,2.56,1.6,1,1.6,1.6,1,1.6,1.6,1,1.6,1,1.6,1.6,1,2.56,1,1.6,1,1,1.6,1,1,2.56,1.6,1.6,1.6,1.6,1,1.6,1.6,1,1,1,1.6,1,1,1.6,1.6,1,1.6,1,1,1.6,1,1,1,1.6,1,1,1,1,2.56,1.6,1.6,1,1,1.6,1.6,1,1,1.6,2.56,1,1,1,1,1.6,1,1,1.6,1.6,1,2.56,1.6,1.6,2.56,1.6,1.6,0.625,2.56,1,1.6,1.6,2.56,1.6,1,1.6,0.625,1.6,1.6,1,1.6,1.6,1,1.6,1,2.56,1.6,1.6,1.6
FIRe,GROund,1.6,1.6,1.6,1.6,1.6,1.6,1.6,2.56,1,2.56,1.6,2.56,2.56,1.6,1.6,1,1.6,1.6,1.6,1.6,1,2.56,1.6,1,1,1,1.6,1.6,2.56,1.6,1,1,1,1.6,1.6,1.6,1,1,1.6,1.6,1,1.6,1.6,1.6,1.6,0.625,1,1.6,1,1.6,1,2.56,1.6,1,1,1,0.625,1.6,1,1.6,1.6,1,1.6,1.6,1,1,1,1,1,1,1,2.56,2.56,1,1.6,1.6,1,1,1.6,1.6,1.6,1,1,1.6,1,2.56,1,1.6,1,1,1.6,1,1,1,1.6,0.625,1.6,1.6,1.6,1.6,1.6,1.6,1,1,1.6,1,1,1.6,0.625,1,1.6,1,1,1.6,1.6,1,1,1,1,1,1,1.6,2.56,1.6,1,1,1,1,1.6,1,1,1.6,2.56,1.6,1,1.6,1,1.6,1.6,1,1.6,1,1,2.56,1.6,1.6,1.6,1,1.6,1.6,1.6,1.6,1.6,1.6,1.6,1.6,1.6,1.6,1.6,1.6,1.6,1.6,1.6,1.6,1.6,1.6,1,2.56,2.56,2.56,1.6
GROund,FAIry,1.6,0.625,1.6,1.6,1.6,1.6,1.6,1,1,2.56,1.6,2.56,1,1.6,1.6,1.6,1.6,1.6,1.6,1.6,1,2.56,1.6,1,1,1,1.6,1.6,2.56,1.6,1.6,1,1,1.6,1.6,1.6,1,1,1.6,1.6,1.6,1.6,1.6,1.6,1.6,1,1,1.6,1,1,1,2.56,1.6,1,1,1.6,0.625,1.6,0.625,1.6,1.6,1,1.6,1.6,1,1,1,1.6,1.6,1,1.6,2.56,1.6,1.6,1.6,1.6,1,1,1,1,1.6,1.6,1,1.6,1.6,2.56,1.6,1.6,1,1,1,1,1.6,1,1.6,1,1,1.6,1,1,1,1,1.6,1,1,1.6,1,1.6,1.6,1.6,1.6,1.6,1.6,1.6,1,2.56,1.6,1,1.6,1,2.56,1,2.56,1.6,1.6,1,1.6,1,1.6,2.56,1.6,1.6,2.56,1.6,1,1,1.6,1.6,1,1.6,1,1,1,2.56,1.6,1.6,1.6,1.6,1.6,1,1,1,1,1,1,1,1.6,1.6,1.6,1.6,1,1.6,1.6,1,1,1.6,1.6,1,1,1,1.6
FIGhting,ROCk,1,1,0.625,1.6,1.6,1.6,2.56,1,1,1.6,2.56,1,1.6,1.6,1.6,1,1,1,1,1,1.6,1.6,1,1,1,1,1,1.6,1,1.6,1,1,1,1,1,1,1,1,1.6,1,1,1.6,1.6,1.6,1,1.6,0.625,1,1.6,1.6,1,1.6,1,1,1.6,1,2.56,0.625,1.6,1.6,1.6,1.6,1.6,1,1.6,0.625,1.6,0.625,1.6,1.6,1,2.56,2.56,1.6,1,1,1,1.6,1.6,1,1,1.6,1.6,1,1,1.6,1,1.6,1.6,1,1.6,1,1.6,2.56,0.625,1.6,1.6,1,1,1.6,1.6,1,1.6,1,1.6,1,1,1,1.6,1.6,1,0.625,1,1.6,1,1.6,1,1.6,0.625,1,1.6,1,1,1.6,1.6,1,2.56,1.6,1.6,1,1,1.6,1.6,1,0.625,1.6,1,1.6,1,1,1.6,1.6,1.6,1.6,1.6,2.56,2.56,1.6,1.6,1,2.56,1.6,1.6,1.6,2.56,1.6,1.6,2.56,1,1,2.56,1.6,2.56,1.6,1,1.6,1,2.56,1.6,1.6,2.56
GROund,STEel,1.6,0.625,1.6,1.6,1.6,1.6,1.6,1,1,2.56,1.6,2.56,1,1.6,1.6,1,1.6,1.6,1.6,1.6,0.625,2.56,1.6,1,1,1.6,1.6,1.6,2.56,1.6,1.6,1.6,1,1.6,1.6,1.6,1,1.6,1.6,1.6,1,1.6,1.6,1.6,1.6,0.625,1.6,1.6,1,1,1,2.56,1.6,1,1,1.6,0.625,1.6,1,1.6,1.6,0.625,1.6,1.6,1,1,1,1,1,1,1,2.56,1.6,1,1.6,1.6,1,1.6,1,1,1.6,1,1,1.6,1,2.56,1,1.6,1,1,1,1.6,1,1,1.6,1.6,1.6,1.6,1,1,1.6,1,1,0.625,1,1,1,2.56,1,1,1.6,1.6,1,1,1,1,1,1.6,1,1,1,1.6,2.56,1.6,1,1,1,1,1.6,1,1,1.6,2.56,1,1,1,1,1.6,1,1,2.56,1,1.6,2.56,1.6,1.6,1.6,1.6,1.6,1,1.6,1.6,1.6,1,1,1,1,1.6,1,1.6,1.6,1.6,1.6,1.6,1,1.6,1,1.6,1,1.6,2.56
ICE,FIGhting,1,1,0.625,1.6,1.6,1.6,2.56,1,1,1.6,2.56,1,1.6,1.6,1.6,1,1,1,1,1,1.6,1.6,0.625,0.625,0.625,1,1,0.625,1,0.625,1.6,1,1,1,1,1,1,1,1.6,1,1.6,1.6,1.6,1,1,1,1.6,1,1.6,1,1,1,1.6,2.56,1.6,1,1,1.6,1.6,1.6,1,0.625,1,1,1.6,1.6,1.6,1,1.6,1.6,1,2.56,2.56,1.6,1,1.6,1,1.6,1,1.6,1.6,1.6,1,1,1.6,0.625,1,0.625,1.6,1.6,1,1,1.6,0.625,1,1.6,1,1,1.6,1,0.625,1.6,1.6,1,1,1,0.625,1,2.56,1.6,1,1,1.6,1,1.6,1.6,2.56,1,1,1,1.6,1.6,1,1,1.6,1,2.56,1.6,1.6,1.6,1.6,1.6,1.6,1,1.6,1.6,1.6,1.6,1.6,1,1,1.6,1.6,1.6,1.6,2.56,1.6,1.6,1.6,2.56,1,1.6,1.6,1,1.6,2.56,1.6,2.56,1.6,1,2.56,1.6,2.56,1,1.6,1.6,2.56,1,1.6,1.6,2.56
GROund,BUG,1.6,0.625,1.6,1.6,1.6,1.6,1.6,1,1,2.56,1.6,2.56,1,1.6,1.6,1,1.6,1.6,1.6,1.6,0.625,2.56,1.6,1,1,1,1.6,1.6,2.56,1.6,1,1,1,1.6,1.6,1.6,1,1,1.6,1.6,1,1.6,1.6,1.6,1.6,0.625,1,1.6,1,1,1,2.56,1.6,0.625,0.625,1,0.625,1.6,0.625,1.6,1.6,1,1.6,1.6,1,1,0.625,1,1,0.625,1,2.56,1.6,1.6,1.6,1.6,1.6,0.625,0.625,1,1.6,1,1,1.6,1,2.56,1,1.6,1,1,1,1,1.6,1,1.6,0.625,0.625,1.6,1,1,1,1,1,1.6,1,1,1.6,1.6,0.625,1.6,1.6,1,0.625,1.6,1.6,1,1,1,1,1.6,1.6,1,2.56,1.6,1,1,1.6,1,1.6,1,1.6,1.6,2.56,0.625,1.6,1.6,1,1.6,1.6,2.56,1,1,1.6,2.56,1.6,1.6,1.6,1,1.6,1.6,0.625,1,1,1.6,0.625,1,2.56,1.6,1,1.6,1,1,1.6,1.6,2.56,1.6,1.6,1,1.6,1.6,1.6
ICE,ROCk,0.625,1,0.625,1,0.625,0.625,0.625,1,1,0.625,0.625,0.625,1,1,0.625,1,0.625,1,1,1,1.6,1,1,1,1,1,1,1.6,1,1.6,1.6,1,1,1,1,1,1,1,1,1,1.6,1.6,1.6,1.6,1,1.6,1.6,1,1,1.6,1,1.6,1.6,2.56,1.6,1,2.56,1.6,1.6,1,1.6,1.6,1.6,1,1,1.6,1.6,1,1.6,1.6,1,0.625,1,1,1,1.6,1,1.6,1.6,1.6,1.6,1.6,1.6,1,1.6,1.6,0.625,1.6,1.6,1.6,1.6,1,1,2.56,1,1.6,1.6,1,1.6,1.6,1.6,1.6,1,1,1.6,1,1,1,2.56,1.6,1,1,1.6,1.6,1.6,1,2.56,1.6,1,1,1.6,1.6,1,1.6,1.6,1,1,1.6,1.6,1.6,1.6,1,1,1,1.6,1.6,1.6,1,1.6,1,1.6,1.6,1.6,1.6,1.6,1,2.56,1.6,1,2.56,2.56,1,1.6,1.6,2.56,2.56,1.6,1,1.6,1,1.6,1,1.6,1.6,1.6,1.6,2.56,2.56,1.6,1.6,1.6
ROCk,FAIry,0.625,1,0.625,1,0.625,0.625,0.625,1,1,0.625,1,0.625,0.625,0.625,1,1.6,0.625,1,1,1,1.6,1,1,1,1,1,1,1.6,1,1.6,1.6,1,1,1,1,1,1,1,1,1,1.6,1.6,1.6,1.6,1,1.6,1,1,1,1.6,1,1.6,1,1,1.6,1.6,2.56,0.625,1.6,1.6,1.6,1.6,1.6,1.6,1,1,1.6,1.6,1.6,1.6,1.6,0.625,1,1.6,1,1.6,1,1.6,1.6,1,1,1.6,1.6,1,1.6,1.6,1.6,1.6,1,1,1.6,1,1.6,2.56,1,1.6,1.6,1,1,1.6,1.6,1,1.6,1,1.6,1.6,1,1,1.6,1.6,1,1.6,1.6,1.6,1,2.56,1.6,1.6,1.6,1,2.56,1,1,1.6,1.6,1,1.6,1.6,1.6,2.56,1.6,1,1,1.6,1,1,1.6,1,1,1.6,1.6,1.6,1,1.6,1.6,1,2.56,1.6,1.6,1,2.56,1,1.6,1.6,2.56,1.6,1.6,1.6,1.6,1,1.6,1.6,1.6,1.6,1,1,1.6,2.56,1.6,1.6,1.6
FIRe,WATer,1.6,1.6,1.6,1,1,1.6,1.6,2.56,1,1.6,1.6,1.6,2.56,1.6,1.6,1,1.6,1,1,1,1,1.6,0.625,0.625,0.625,1,1,1.6,1,1.6,0.625,1,1,1,0.625,1,1,1,1,1,0.625,1.6,1.6,1.6,2.56,0.625,1.6,1,0.625,1.6,0.625,1.6,0.625,1.6,1,1,1.6,1.6,1,1,1,1,1,1,1,1.6,1,1,1,1,0.625,1.6,2.56,0.625,1.6,0.625,1,1,1.6,1.6,1.6,0.625,1,1,0.625,1.6,0.625,1.6,1.6,1.6,1.6,1,1,1.6,1,1.6,1.6,1,1.6,1.6,1.6,1.6,1,1,1.6,1,0.625,1.6,0.625,1.6,1.6,1,1,1.6,1.6,1,1,1.6,1,1,0.625,1.6,1.6,1.6,1,1,1,1,1.6,0.625,0.625,1,1.6,1.6,1.6,1.6,1.6,1.6,1.6,1,1.6,1,1,2.56,1,1.6,1.6,1,1.6,1.6,1.6,1.6,1.6,1.6,1.6,1.6,1.6,1.6,1.6,1.6,1.6,1.6,1.6,1.6,1.6,2.56,1,2.56,2.56,2.56,1.6
POIson,GROund,1.6,0.39,1.6,1.6,1.6,1.6,1.6,1,1,2.56,1.6,2.56,1,1.6,1.6,1,1.6,1.6,1.6,1.6,1,2.56,1.6,1,1.6,1,1.6,1.6,2.56,1.6,1.6,1.6,1,1.6,1.6,1.6,1,1.6,1.6,1.6,1,1.6,1.6,1.6,1.6,1,1,1.6,1,1,1,2.56,1.6,0.625,1,1.6,1,1.6,0.625,1.6,1.6,1,1.6,1.6,1,1,0.625,1,1,1,1,2.56,1.6,1,1.6,1.6,1,1.6,0.625,1,1.6,1,1.6,1.6,1,2.56,1,1.6,1,1,1,1.6,1,1,1.6,0.625,1.6,1.6,1,1,1,0.625,1,1.6,1,1,1,1.6,1,1,1.6,1.6,1,1,1.6,1,1,1,1,1,1,2.56,2.56,1.6,1,1,1,1,1.6,1,1,1.6,2.56,1,1,1.6,1,1.6,1.6,1,1.6,1,1,2.56,1.6,1.6,1.6,1,1.6,1,1,1,1,1,1,1.6,1.6,1.6,1.6,1.6,1,1,1,1,1.6,1.6,1.6,1,1.6,1.6,1.6
ELEctric,GROund,1.6,1.6,1.6,1.6,1.6,1.6,1.6,1,1,2.56,1.6,2.56,1,1.6,1.6,1,1.6,1.6,1.6,1.6,1,2.56,1.6,1.6,1.6,1,1.6,1.6,2.56,1.6,1,1,1,1.6,1.6,1.6,1,1,1.6,1.6,1,1.6,1.6,1.6,1.6,2.56,1,1.6,1.6,1,1.6,2.56,1.6,0.39,1.6,1,1.6,1.6,1.6,1.6,1.6,1.6,1.6,1.6,1,1,1.6,1,1.6,1.6,1,2.56,1.6,1.6,1.6,1.6,1,1.6,1,0.625,1.6,1,1,1.6,1,2.56,1.6,1.6,1,1,1,1,1,1,1.6,1.6,1,1.6,1,1,1,0.625,1,1,1,1,1.6,1.6,1,1,1.6,1,1.6,1,1,1,1,1,1,1,1,0.625,2.56,1.6,0.625,1,1,1.6,1.6,1,1,1.6,2.56,1,1,0.625,1,1.6,0.625,1,1,1.6,1,2.56,1.6,1.6,1.6,1,1.6,0.625,1.6,1,1,1,1.6,1,0.625,1.6,0.625,1.6,1,1,1,1,0.625,1.6,0.625,1,0.625,0.625,1.6
FIGhting,GROund,1.6,1,1.6,1.6,1.6,1.6,2.56,1,1,2.56,2.56,2.56,1.6,1.6,1.6,1,1.6,1.6,1.6,1.6,0.625,2.56,1.6,1,1,1,1.6,1.6,2.56,1.6,1,1,1,1.6,1.6,1.6,1,1,1.6,1.6,1,1.6,1.6,1.6,1.6,0.625,1,1.6,1.6,1,1,2.56,1.6,0.625,1,1,0.625,1.6,0.625,1.6,1.6,0.625,1.6,1.6,1.6,1,0.39,1,1,0.625,1,2.56,2.56,1.6,1.6,1.6,1,0.625,0.625,0.625,1.6,1.6,1,1.6,1,2.56,1,1.6,1.6,1,1,1,1.6,1,1.6,1,0.625,1.6,1,1,1,0.625,1.6,1,0.625,1,1,1.6,0.625,1.6,1.6,1,0.625,1,1,1.6,1,1,1,1,1.6,0.625,2.56,1.6,0.625,1,2.56,0.625,1.6,1,1,1.6,2.56,0.625,1,1.6,1,1.6,1,1,1,1.6,1.6,2.56,1.6,2.56,1.6,1.6,1.6,1,1,1.6,1.6,0.625,0.625,0.625,1.6,2.56,1,1.6,2.56,1.6,2.56,1,0.625,1.6,1,1,0.625,1.6,2.56
GROund,GHOst,1.6,1,1.6,1.6,1.6,1.6,1.6,1,1,2.56,1.6,2.56,1,1.6,1.6,1,1.6,1.6,1.6,1.6,1,2.56,1.6,1.6,1,1.6,1.6,1.6,2.56,1.6,1,1,1.6,1.6,1.6,1.6,1,1,1.6,1.6,1.6,1.6,1.6,1.6,1.6,1,1,1.6,1,1,1,2.56,1.6,1,0.39,1,1,1.6,1,1.6,1.6,1,1.6,1.6,1,1.6,1.6,1.6,0.625,1,1,2.56,1.6,1,1.6,1.6,1,1,1.6,1.6,1.6,1,1,1.6,1,2.56,1,1.6,1,1,0.625,1.6,1,1,1.6,1,1,1.6,1,1,1.6,1,1,1,1,1,1.6,1.6,1,1,1.6,1,1,0.625,1,1,1,1,1.6,1.6,1,1,2.56,1.6,1,2.56,1,1.6,1.6,1,1.6,1.6,2.56,1,1.6,0.625,1,1.6,1,1,1,1,1,2.56,1.6,1.6,1.6,1,1.6,1,1,1,1,1.6,1,1,0.625,1.6,1,1.6,1,1,1,1.6,1.6,1.6,1,1,1,1,1.6
FIGhting,FLYing,1,1,0.625,1.6,1.6,1.6,2.56,1,1,1.6,2.56,1,1.6,1.6,1.6,1,1,1,0.625,0.625,0.625,1.6,1,1,1,1,1,1,0.625,1,1,1,1,1,1,1,1,1,1.6,1,1,1.6,1.6,1,1,1,1,1,1.6,1,1,1,1,1,1,1,1,1,1,1.6,1,1.6,1,1,1.6,1,1,1.6,1,1,1,2.56,2.56,1.6,1.6,1,1,1,1.6,1.6,1,1.6,1.6,1,1,1,1.6,1,1.6,1,1.6,1,1.6,1.6,1.6,1,1.6,0.625,1.6,1.6,1,1.6,1.6,1.6,1.6,1.6,1,1,1,1.6,0.625,1.6,1.6,1.6,1,1.6,1,1,1.6,1,1.6,1.6,1,1,1.6,1,2.56,1,1.6,1.6,1,1.6,1.6,2.56,1,1.6,1.6,1.6,1.6,1,1,1.6,1.6,1.6,1.6,2.56,1.6,1.6,1.6,1.6,1,1.6,1.6,1.6,1.6,1.6,1.6,2.56,2.56,1,2.56,1.6,2.56,1,1.6,1.6,1.6,1.6,2.56,1.6,2.56
FIRe,FAIry,1.6,1.6,1.6,1,1,1.6,1.6,2.56,1,1.6,1.6,1.6,2.56,1.6,1.6,1.6,1.6,1,1,1,1,1,0.625,1,1,1,1,0.625,1,0.625,1.6,1,1,1,1,1,1,1,1,1,1.6,1,0.625,0.625,0.625,1,1,1,1,1.6,1,0.625,1,1,1,1.6,0.625,1,1,1.6,0.625,1,1,1.6,1,1,1,1.6,1.6,1,1.6,1,2.56,1.6,1,1.6,1,1,1.6,1.6,1,1.6,1,1,1.6,0.625,1.6,0.625,1,1,1.6,1,1.6,1,1,1,1.6,1,1.6,1.6,1.6,1.6,1.6,1,1.6,1.6,1,1,1.6,1.6,1,1.6,1.6,1.6,1.6,2.56,1.6,1,1.6,1,2.56,1.6,0.625,1.6,1.6,1,1.6,1,1.6,2.56,1.6,1,1,1.6,1,1.6,1.6,1,1.6,1.6,1.6,1,1,0.625,1.6,1,1,1.6,1.6,1.6,1.6,1.6,1.6,1.6,1.6,1.6,1.6,1.6,1.6,1,1.6,1.6,1.6,1.6,1.6,1,1.6,2.56,2.56,2.56,1
FIRe,ICE,1.6,1.6,1.6,1,1,1.6,1.6,2.56,1,1.6,1.6,1.6,2.56,1.6,1.6,1,1.6,1,1,1,1.6,1,0.625,0.625,0.625,1,1,0.625,1,0.625,1.6,1,1,1,0.625,1,1,1,1,1,1.6,0.625,0.625,0.625,1,1,1.6,1,0.625,1.6,0.625,0.625,1.6,2.56,1.6,1,1,1.6,1.6,1,0.625,1,1,1,1,1.6,1.6,1,1.6,1.6,1,1,2.56,0.625,0.625,1.6,1,1.6,1.6,1.6,1.6,1.6,1,1,1.6,0.625,0.625,0.625,1.6,1.6,1.6,1,1,1,1,1.6,1.6,1,1.6,1.6,1.6,1.6,1,1,1.6,1,0.625,1,2.56,1.6,1,1,1.6,1.6,1.6,1,2.56,1,1,1,1.6,1.6,1,1.6,1.6,1,1,1.6,1.6,1.6,1.6,0.625,1,1.6,1.6,1.6,1.6,1,1.6,1,1.6,1,1.6,0.625,1.6,1,1,1,1,2.56,1.6,1.6,1.6,1.6,1.6,2.56,1.6,1,1.6,1,1.6,1.6,1.6,1.6,1.6,1.6,2.56,2.56,2.56,2.56,1
GROund,DARk,1.6,1,1.6,1.6,1.6,1.6,1.6,1,1.6,2.56,1.6,2.56,1,1.6,1.6,1,1.6,1.6,1.6,1.6,1,2.56,1.6,1.6,1,1,1.6,1.6,2.56,1.6,1,1,1.6,1.6,1.6,1.6,1,1,1.6,1.6,1.6,1.6,1.6,1.6,1.6,1,1,1.6,1,1,1,2.56,1.6,1,1,1,1,1.6,1,1.6,1.6,1,1.6,1.6,1,1.6,1.6,1,0.625,1,1,2.56,1.6,1,1.6,1.6,1.6,0.625,1.6,1.6,1.6,1,1,1.6,1,2.56,1,1.6,1,1,1,1,1,1,1.6,1,0.625,1.6,1,1,1.6,1,1,1,1,1,1.6,1.6,1,1,1.6,1,0.625,0.625,1,1,1,1,1,1.6,1,0.625,2.56,1.6,1,2.56,1,1.6,1.6,1,1.6,1.6,2.56,0.625,1.6,1,1,1.6,1,1,1,1,1,2.56,1.6,1.6,1.6,1,1.6,1,1,1,1,1.6,1,1,0.625,1.6,0.625,1.6,1,1,1,1.6,1.6,1.6,1,1,1,1,1.6
FIRe,FIGhting,1.6,1.6,1.6,1.6,1.6,1.6,2.56,2.56,1,1.6,2.56,1.6,2.56,1.6,1.6,1,1.6,1,1,1,1,1.6,0.625,0.625,0.625,1,1,0.625,1,0.625,0.625,1,1,1,1,1,1,1,1.6,1,0.625,1.6,1.6,1,1,0.625,1,1,1.6,1.6,1,1,0.625,1,1,1,0.625,1,1,1.6,1,1,1,1,1.6,1,1,1,1,1,1,2.56,2.56,1.6,1,1,1,1,1.6,1.6,1,1.6,1,1,1,0.625,1,0.625,1.6,1,1.6,1,1.6,1,1,1,1.6,1,1.6,1.6,1.6,1.6,1.6,1,1.6,1,0.625,1,0.625,1.6,0.625,1,1,1.6,1.6,1.6,1,1,1,1,1.6,1.6,1,1.6,1,1,2.56,1,1.6,1,0.625,1.6,1.6,1.6,1,1.6,1,1.6,1.6,1,1.6,1.6,1.6,1.6,1.6,2.56,1.6,1.6,1.6,1.6,1.6,1.6,1.6,1.6,1.6,1.6,1.6,2.56,1.6,1,2.56,1.6,2.56,1.6,1.6,1.6,1,2.56,2.56,2.56,2.56
FIRe,ROCk,1.6,1.6,1.6,1,1,1.6,1.6,2.56,1,1.6,1.6,1.6,2.56,1.6,1.6,1,1.6,1,1,1,1.6,1,1,1,1,1,1,1.6,1,1.6,1,1,1,1,1,1,0.625,1,1,1,1,1.6,1.6,1.6,1,1.6,1,1,1,1.6,1,1.6,1,1,1.6,1,2.56,1,1.6,1,1.6,1.6,1.6,1,1,1,1.6,1,1.6,1.6,1,1,2.56,1,1,1,1,1.6,1.6,1.6,1,1,1.6,1,1,1.6,0.625,1.6,1,1,1.6,1,1,2.56,1,1.6,1.6,1,1.6,1.6,1.6,1.6,1,1,1.6,1,1,1,1.6,1,1,1,1,1.6,1.6,1,0.625,1.6,1,1,1,1.6,1,1.6,1.6,1,1,1.6,1.6,0.625,1,1,1,1.6,1,1.6,1,1,1.6,1,1.6,1.6,1,1.6,1,1,2.56,1.6,0.625,1.6,2.56,1.6,1.6,1.6,2.56,1.6,1.6,1,1.6,1,1.6,1.6,1.6,1.6,1.6,0.625,1,2.56,2.56,2.56,1.6
GRAss,ROCk,0.625,1,0.625,0.625,1,0.625,0.625,1,1,0.625,0.625,0.625,0.625,1,0.625,1,0.625,1,1,1,1.6,1,1,1.6,1.6,1,1,1.6,1,1.6,1,1,1,1,1.6,1,2.56,1,1,1,1,1.6,1.6,1.6,1,1.6,1.6,1,1.6,1.6,1.6,1.6,1,1,1.6,1,2.56,1,1.6,1,1.6,1.6,1.6,1,1,1.6,1.6,1,1.6,1.6,1,1,1,1.6,1,1,1,1.6,1.6,1,1.6,1,1.6,1,1,1.6,1.6,1.6,1.6,1.6,1.6,1,1,2.56,0.625,1.6,1.6,1,1,1.6,1.6,1,1,1,1.6,1,1.6,1.6,1.6,1.6,1.6,1,1,1.6,1,1,1,1.6,1,1,1,1,1,1.6,1.6,1,1,1.6,1.6,0.625,1,2.56,1.6,1,1.6,1,1.6,1.6,1,1,1.6,1.6,1,1.6,1,1.6,2.56,1.6,1.6,1,2.56,1.6,1.6,1.6,2.56,1.6,1,1.6,0.625,1.6,1.6,1,1.6,1.6,1,2.56,1,2.56,1.6,1.6,1.6
GRAss,GROund,1.6,0.625,1.6,1.6,1.6,1.6,1.6,1,1,2.56,1.6,2.56,1,1.6,1.6,1,1.6,1.6,1.6,1.6,0.625,2.56,1.6,1.6,1.6,1,1.6,1.6,2.56,1.6,1,1,1,1.6,1.6,1.6,2.56,1,1.6,1.6,1,1.6,1.6,1.6,1.6,1,1.6,1.6,1.6,1,1.6,2.56,1.6,1,0.625,1,0.625,1.6,0.625,1.6,1.6,1,1.6,1.6,1,1.6,0.625,1,0.625,0.625,1,2.56,1.6,1.6,1.6,1.6,1,0.625,0.625,0.625,1.6,1,1,1.6,1,2.56,1.6,1.6,1.6,1.6,0.625,1,1,1,1.6,1,0.625,1.6,1,1,1,1,1,1,0.625,1,1.6,1.6,0.625,1.6,1.6,1,0.625,0.625,1,1,1,1,1,1,1,0.625,2.56,1.6,0.625,1,1,0.625,1.6,1,1,2.56,2.56,0.625,1.6,0.625,1.6,1.6,0.625,1,1,1.6,1,2.56,1.6,1.6,1.6,1,1.6,1,0.625,1.6,1,0.625,0.625,0.625,0.625,1.6,0.625,1.6,1,1,1,1,0.625,2.56,0.625,0.625,0.625,0.625,1.6
FIGhting,GHOst,1,1,1.6,1.6,1.6,1.6,2.56,1,0.39,1.6,2.56,1,1.6,1.6,1.6,1,1.6,1,1.6,1,1,1.6,1,1.6,1,1.6,1,1.6,1,1,1,1,1.6,1,1,1,1,1,1.6,1,1.6,1.6,1.6,1,1,1,1,1.6,1.6,1,1,1,1,1,1,1,1,1,1,1.6,1,1,1,1,1.6,1.6,1.6,1.6,1,1,1,2.56,2.56,1.6,1,1,1,1,1.6,1.6,1,1.6,1,1.6,1,1,1,1.6,1.6,1,1,1.6,1.6,1,1,1,1,1.6,1,1,1.6,1,1.6,1,1,1,1.6,1,1,1.6,1.6,1,1,1,1,1.6,1,1,1.6,1.6,1.6,1,1,1,1,2.56,2.56,1.6,1.6,1,1.6,1.6,1.6,1,1.6,1.6,1,1.6,1,1,1,1.6,1.6,1.6,1.6,2.56,1.6,1.6,1.6,1,1,1.6,1.6,1.6,1,1,1.6,2.56,1,1.6,2.56,1.6,2.56,1.6,1.6,1.6,1,1,1,1.6,2.56
WATer,ROCk,1,1,1,0.625,0.625,1,1,1,1,1,1,1,0.625,1.6,1,1,1,1,1,1,1.6,1.6,1,1,1,1,1,1.6,1,1.6,1,1,1,1,1,1,1,1,1,1,1,1.6,1.6,1.6,2.56,1.6,1.6,1,1,1.6,1,1.6,1,1.6,1.6,1,2.56,1.6,1.6,1,1.6,1.6,1.6,1,1,1.6,1.6,1,1.6,1.6,1,1.6,1,1,1.6,1,1,1.6,1.6,1,1.6,1,1.6,1,1,1.6,0.625,1.6,1.6,1.6,1.6,1,1,2.56,1,1.6,1.6,1,1,1.6,1.6,1.6,1,1,1.6,1,1,1.6,1.6,1.6,1.6,1,1,1.6,1,1,1,1.6,1,1,1,1,1.6,1.6,1.6,1,1,1.6,1.6,0.625,1,1,1.6,1,1.6,1,1.6,1.6,1,1,1.6,1.6,1,2.56,1,1.6,2.56,1.6,1.6,1,2.56,1.6,1.6,1.6,2.56,1.6,1,1.6,0.625,1.6,1.6,1,1.6,1.6,1,2.56,1,2.56,1.6,1.6,1.6
ICE,STEel,1,1,0.625,1,0.625,0.625,0.625,0.625,1,0.625,0.625,0.625,1,1,0.625,1,0.625,1,1,1,1.6,0.625,0.625,0.625,1,1.6,1,0.625,1,1,1.6,1.6,1,1.6,0.625,1,1,1.6,1,1,1.6,0.625,0.625,0.625,1,1,1.6,1,0.625,1,0.625,0.625,1.6,2.56,1.6,1.6,1,1.6,1.6,1,0.625,0.625,1,1,1,1.6,1.6,1,1.6,1.6,1,1,1,0.625,0.625,1.6,1,1.6,1,1.6,1.6,1.6,1,1,1.6,0.625,0.625,0.625,1.6,1.6,1,1.6,1,0.625,1,1.6,1.6,1,1.6,1,1.6,1.6,1,1,1,1,0.625,2.56,2.56,1.6,1.6,1.6,1.6,1,1.6,1,2.56,1.6,1,1,1.6,1.6,1.6,1.6,1.6,1,1,1.6,1,1.6,1.6,1,1,1,1.6,1.6,1.6,1.6,1.6,1,2.56,1,1.6,1,1.6,1.6,1,1.6,1.6,2.56,1.6,1.6,1.6,1,1.6,2.56,1.6,1.6,1.6,1.6,1.6,1.6,1.6,1.6,1.6,1.6,2.56,1.6,1.6,1.6,2.56
WATer,FLYing,1,1,1,0.625,0.625,1,1,1,1,1,1,1,1,1.6,1,1,1,1,1,1,1,1.6,1,1,1,1,1,1.6,1,1.6,1,1,1,1,0.625,1,1,1,1,1,1,1.6,1.6,1.6,2.56,1,1.6,1,1,1,1,1.6,1,1.6,1,1,1.6,1.6,1,1,1,1.6,1,1,1,1.6,1,1.6,1,1,1,1.6,1,1,1.6,0.625,1,1,1.6,1.6,1.6,1,1.6,1,1,1.6,1.6,1.6,1.6,1.6,1.6,1,1,1.6,1.6,1.6,1.6,1,1.6,1.6,1,1.6,1.6,1.6,1.6,1.6,1,1.6,1,1.6,1.6,1.6,1.6,1.6,1,1.6,1,1.6,1.6,1,1,1.6,1.6,1,1.6,1,1,1,1,1.6,1,1,1.6,2.56,1.6,1.6,1.6,1.6,1.6,1,1,1,1,2.56,1,1.6,1.6,1,1.6,1.6,1,1.6,1,1.6,1.6,1.6,1.6,1.6,2.56,1.6,1,1.6,1,1,1.6,2.56,1.6,1.6,2.56,1.6,1.6
WATer,FAIry,1,1,1,1,0.625,1,1,1,1,1,1,1,0.625,1.6,1,1.6,1,1,1,1,1,1.6,0.625,1,1,1,1,1.6,1,1.6,1.6,1,1,1,1,1,1,1,1,1,1.6,1.6,1.6,1.6,2.56,1,1.6,1,1,1,1,1.6,1,1.6,1,1.6,1.6,1.6,1,1.6,1,1,1,1.6,1,1.6,1,1.6,1.6,1,1.6,1.6,1,1.6,1.6,1.6,1,1,1,1,1.6,1.6,1,1,1.6,1.6,1.6,1.6,1.6,1.6,1,1,1.6,1.6,1,1.6,1,1,0.625,1,1,1.6,1.6,1,1,1.6,1,1.6,1.6,1.6,1.6,1.6,1.6,1.6,1,2.56,1.6,1.6,1.6,1,2.56,1,1.6,1,1.6,1,1.6,1,1,2.56,1.6,1,1.6,1.6,1.6,1,1.6,1.6,1,1.6,1,1,1,2.56,1.6,1.6,1.6,1.6,1.6,1,1,1.6,1,1,1,1,1.6,1.6,1.6,1.6,1,1.6,1.6,1,1,2.56,1.6,1,1,1,1.6
FLYing,ROCk,0.625,1,0.625,0.625,0.625,0.625,0.625,1,1,0.625,0.625,0.625,1,0.625,1,1,0.625,1,1,1,1.6,1,1,1,1,1,1,1.6,1,1.6,1,1,1,1,1,1,1,1,1,1,1,1.6,1.6,1.6,1,1.6,1,1,1,1.6,1,1.6,1,1,1.6,1,2.56,1,1.6,1,1.6,1.6,1.6,1,1,1,1.6,1.6,1.6,1.6,1,0.625,1,1,1.6,1,1,1.6,1.6,1.6,0.625,1,1.6,1,1,1.6,1.6,1.6,1,1,1.6,1,1,2.56,1.6,1.6,1.6,1,1.6,1.6,1.6,1.6,1.6,1.6,1.6,1.6,1,1,1.6,1,1,1.6,1.6,1.6,1,1.6,1,1.6,1.6,1,1,1.6,1,1.6,1.6,1,1,1.6,1.6,1.6,1,1,1,2.56,1,1.6,1.6,1,1.6,1,1.6,1.6,1,1.6,1,1,2.56,1.6,1,1.6,2.56,1,1.6,1.6,2.56,1.6,1.6,1,2.56,1,1.6,1.6,1.6,1.6,1.6,0.625,1.6,2.56,2.56,1.6,1.6
GROund,PSYchic,1.6,0.625,1.6,1.6,1.6,1.6,1.6,1,1,2.56,1.6,2.56,1,1.6,1.6,1,1.6,1.6,1.6,1.6,1,2.56,1.6,1,1,1,1.6,1.6,2.56,1.6,1,1,1,1.6,1.6,1.6,1,1,1.6,1.6,1,1.6,1.6,1.6,1.6,1,1,1.6,1,1,1,2.56,1.6,1,1,1,1,1.6,1.6,1.6,1.6,1,1.6,1.6,1,1,1,1.6,0.39,1,1,2.56,1.6,1,1.6,1.6,1,1,1,1,1.6,1,1,1.6,1,2.56,1.6,1.6,1,1,1,1,1,1,2.56,1,1,1.6,1.6,1.6,1,1,1.6,1,1,1.6,1,1.6,1,1,1.6,1.6,1.6,0.625,1,1,1,1,1,1,1,1,2.56,1.6,1,1,1,0.625,1.6,1.6,1,1.6,2.56,1.6,1,1,1.6,1.6,1,1,1,1,1,2.56,1.6,1.6,1.6,1,1.6,1,1,1,1,0.625,1,1,0.625,1.6,1.6,1.6,1,1.6,1,1,0.625,1.6,1,1,1,1,1.6
WATer,ICE,1,1,1,1,0.625,1,1,1,1,1,1,1,1,1.6,1,1,1,1,1,1,1.6,1.6,0.625,0.625,0.625,1,1,1.6,1,1.6,1.6,1,1,1,0.625,1,1,1,1,1,1.6,1.6,1.6,1.6,2.56,1,1.6,1,0.625,1,0.625,1.6,1.6,2.56,1.6,1,1.6,1.6,1.6,1,1,0.625,1,1,1,1.6,1.6,1,1.6,1.6,1,1.6,1,0.625,1.6,1.6,1,1.6,1,1.6,1.6,1.6,1,1,1.6,1.6,0.625,1.6,1.6,1.6,1,1,1,1.6,1,1.6,1,1,1.6,1,1,1.6,1,1,1,1,0.625,1.6,2.56,1.6,1.6,1,1.6,1,1.6,1,2.56,1.6,1,1,1.6,1.6,1.6,1,1.6,1,1,1.6,1,1.6,1.6,1,1.6,1,1.6,1.6,1.6,1.6,1.6,1,1,0.625,1.6,2.56,1.6,1.6,1.6,1,1.6,2.56,1,1.6,1,1,1.6,2.56,1.6,1.6,1.6,1.6,1,1,1,1,1.6,2.56,2.56,1,1.6,1,1.6
FIGhting,DARk,1,1,1.6,1.6,1.6,1.6,2.56,1,1.6,1.6,2.56,1,1.6,1.6,1.6,1,1.6,1,1.6,0.625,1,1.6,1,1.6,0.625,1,1,1.6,1,0.625,0.625,1,1.6,0.625,1,1,1,0.625,1.6,1,1.6,1.6,1.6,1,1,1,0.625,1.6,1.6,1,1,1,1,1,1,1,1,1,1,1.6,1,1,1,1,1.6,1.6,1.6,1,1,1,1,2.56,2.56,1.6,1,1,1.6,0.625,1.6,1.6,1,1.6,1,1.6,1,1,1,1.6,1.6,1,1,1,1.6,1,0.625,1,0.625,1.6,1,1,1.6,1,1.6,1,1,1,1.6,1,1,1.6,1.6,0.625,0.625,1,1,1.6,1,1,1,1.6,1.6,0.625,1,1,1,2.56,2.56,1.6,1.6,1,1.6,1.6,1.6,0.625,1.6,1.6,1,1.6,1,1,1,1.6,1.6,1.6,1.6,2.56,1.6,1.6,1.6,1,1,1.6,1.6,1.6,1,1,1.6,2.56,1,1.6,2.56,1.6,2.56,1.6,1.6,1.6,1,1,1,1.6,2.56
PSYchic,ROCk,0.625,1,0.625,0.625,0.625,0.625,0.625,1,1,0.625,0.625,1,0.625,0.625,1,1,0.625,1,1,1,1.6,1,1.6,1,1,1,1.6,1.6,1.6,1.6,1,1,1,1.6,1,1.6,1,1,1,1,1,1.6,1.6,1.6,1,1.6,1,1.6,1,1.6,1,1.6,1.6,1,1.6,1,2.56,1.6,1.6,1,1.6,1.6,1.6,1.6,1,1,1.6,1.6,1.6,1.6,1,0.625,1,1,1.6,1,1,1.6,1.6,1,1,1,1.6,1,1,1.6,1.6,1.6,1,1,1.6,1,1,2.56,2.56,1.6,1.6,1,1.6,1.6,1.6,1,1.6,1,1.6,1.6,1,1,1.6,0.625,1,1.6,1.6,1.6,1,0.625,1,1.6,1,1,1,1,1.6,1.6,1.6,1,1,1.6,1.6,1.6,1,1,1,1.6,0.625,1,1.6,1,1,1,1.6,1.6,1,1.6,1,1,2.56,1.6,1.6,1,2.56,1,1.6,1.6,2.56,1.6,1,1,1.6,1,1.6,1.6,1.6,1.6,1,1,1,2.56,1.6,1.6,1.6
WATer,GROund,1.6,1,1.6,1.6,1.6,1.6,1.6,1,1,2.56,1.6,2.56,1,1.6,1.6,1,1.6,1.6,1.6,1.6,1,2.56,1.6,1,1,1,1.6,1.6,2.56,1.6,1,1,1,1.6,1.6,1.6,1,1,1.6,1.6,1,1.6,1.6,1.6,2.56,0.625,1.6,1.6,1,1,1,2.56,1.6,1.6,1,1,1.6,1.6,1,1.6,1.6,0.625,1.6,1.6,1,1.6,1,1,1,1,1,2.56,1.6,1,1.6,1.6,1,1,1,0.625,1.6,1,1,1.6,1,2.56,1,1.6,1.6,1.6,1,1,1,1.6,1.6,1.6,1,1.6,1,1,1,1.6,1,0.625,1,1,1,1.6,0.625,1.6,1.6,1,1,1,1,1,1,1.6,1,1,1,0.625,2.56,1.6,0.625,1,1,1,1.6,1,1,1.6,2.56,1,1.6,0.625,1.6,1.6,0.625,1,1,1,1,2.56,1.6,1.6,1.6,1,1.6,1,1,1.6,1,1,1,0.625,0.625,1.6,0.625,1.6,1,1,1,1,0.625,2.56,0.625,1,0.625,0.625,1.6
FIRe,GRAss,1.6,1.6,1.6,1,1,1.6,1.6,2.56,1,1.6,1.6,1.6,2.56,1.6,1.6,1,1.6,1,1,1,1,1,1,1.6,1.6,1,1,0.625,1,0.625,0.625,1,1,1,1.6,1,2.56,1,1,1,0.625,0.625,0.625,0.625,1,1,1.6,1,1.6,1.6,1.6,0.625,0.625,1,1,1,0.625,1,1,1,1,1,0.625,1,1,1.6,1,1,1,1,1,1,2.56,1.6,0.625,0.625,1,1,1.6,1.6,1.6,0.625,1,1,0.625,0.625,1.6,0.625,1.6,1.6,1.6,1,1,1,1,1,1.6,1,1.6,1.6,1.6,1.6,1,1,1.6,1,1.6,1.6,0.625,1.6,1.6,1,1,1.6,1.6,1,1,1,1,1,0.625,1.6,1,1.6,1,1,1,1,1.6,0.625,0.625,2.56,1.6,1.6,1.6,1.6,1.6,1.6,1.6,1,1.6,1.6,1,1,1,1.6,1,1,1.6,1.6,1.6,1.6,1.6,1.6,1.6,1.6,1.6,1.6,1.6,1.6,1.6,1.6,1.6,1.6,1.6,2.56,1,2.56,2.56,2.56,1.6
BUG,ROCk,0.625,1,0.625,0.625,0.625,0.625,0.625,1,1,0.625,1,0.625,1,0.625,0.625,1,1,1,1,1,1.6,1,1,1,1,1,1,1.6,1,1.6,1,1,1,1,1,1,1,1,1,1,1,1.6,1.6,1.6,1,1.6,0.625,1,1,1.6,1,1.6,1,1,1.6,1,2.56,0.625,1.6,1.6,1.6,1.6,1.6,0.625,1,0.625,1.6,0.625,1.6,1.6,1,0.625,1,1.6,1,1,1.6,1.6,1.6,1,1,1,1.6,1,1,1.6,0.625,1.6,1,1,1.6,1,1.6,2.56,0.625,1.6,1.6,1.6,1,1.6,1.6,1,0.625,1.6,1.6,0.625,1.6,1,1.6,1.6,1,0.625,1,1.6,1.6,1,1,1.6,1,1.6,1.6,1,1,1.6,1.6,1,1.6,1.6,1.6,0.625,1.6,1,1,1,1.6,1.6,0.625,1,1.6,2.56,1.6,1.6,1.6,1.6,1,1,2.56,1.6,0.625,1.6,2.56,1,1.6,1.6,2.56,1.6,2.56,1.6,1,1.6,1.6,1,1.6,1.6,2.56,1,1.6,2.56,1.6,1.6,1.6
GROund,DRAgon,1.6,0.625,1.6,1.6,1.6,1.6,1.6,1,1,2.56,1.6,2.56,1,1.6,1.6,1,1.6,1.6,1.6,1.6,1,2.56,1.6,1,1,1,1.6,1.6,2.56,1.6,1,1,1,1.6,1.6,1.6,1,1,1.6,1.6,1.6,1.6,1.6,1.6,1.6,1,1,1.6,1,1,1,2.56,1.6,1,1,1,1,1.6,1,1.6,1.6,1,1.6,1.6,1,1,1,1,1,1,1.6,2.56,1.6,1,1.6,1.6,1,0.39,1,1,1.6,1.6,1,1.6,1.6,2.56,1,1.6,1,1,1,1,1,1,1.6,1,0.625,1.6,1,1,1,1,1,1,1,1,1,1.6,1.6,1,1.6,1,1,1,1,1,1.6,1,1,1,1.6,0.625,2.56,1.6,1.6,1,1,1,1.6,1.6,1.6,1.6,2.56,1,1,1,1,1.6,1,1,1,1,1,2.56,1.6,1.6,1.6,1.6,1.6,1,1,1,1,1,1,1,1,1.6,1,1.6,1,1,1,1,1,1.6,1.6,1,1,1,1.6
ROCk,GHOst,1,1,1.6,1,1,1,0.625,1,1,1,0.625,1,1,1,1,1,1.6,1,1.6,1,1.6,1,1,1.6,1,1.6,1,1.6,1,1.6,1,1,1.6,1,1,1,1,1,1,1,1.6,1.6,1.6,1.6,1,1.6,1,1.6,1,1.6,1,1.6,1,1,1.6,1,2.56,1,1.6,1,1.6,1.6,1.6,1,1,1.6,1.6,1.6,1.6,1.6,1,1,1,1,1,1,1,1.6,1.6,1.6,1,1,1.6,1.6,1,1.6,1,1.6,0.625,1,1.6,1.6,1,2.56,1,1.6,1.6,1.6,1,1.6,1.6,1,0.625,1,1.6,1,1.6,1,1.6,0.625,1.6,1,1,1.6,1,0.625,1,1.6,1.6,1.6,1,1,1,1.6,1.6,2.56,1,1.6,1.6,1,1.6,1,1,1,1.6,1,1,1,1,1,1.6,1.6,1,1.6,1,1,2.56,1.6,1,1,2.56,1,1.6,1.6,2.56,1.6,1,1,1,1.6,1.6,1,1.6,1.6,1.6,1,1,2.56,1.6,1.6,1.6
ROCk,STEel,1,1,0.625,0.625,0.625,0.625,0.625,1,1,0.625,0.625,0.625,0.625,0.625,0.625,1,0.625,1,1,1,1.6,1,1,1,1,1.6,1,1.6,1,1.6,1.6,1.6,1,1.6,1,1,0.625,1.6,1,1,1,1.6,1.6,1.6,1,1.6,1.6,1,1,1.6,1,1.6,1,1,1.6,1.6,2.56,1,1.6,1,1.6,1.6,1.6,0.625,1,1,1.6,1,1.6,1.6,1,1,1,1,1,1,1,1.6,1.6,1,0.625,1,1.6,1,1,1.6,0.625,1.6,1,1,1.6,1.6,1,2.56,1,1.6,1.6,1,1,1.6,1.6,1,1,1,1.6,1,1,2.56,1.6,1,1.6,1.6,1,1.6,1,1,1,1.6,1,1,1,1.6,1.6,1.6,1.6,1,1,1.6,1.6,1,1,1,1,1,1,1,1,1.6,1,1,2.56,1.6,1.6,1.6,1.6,1.6,2.56,1.6,1.6,1,2.56,1.6,1.6,1.6,2.56,1.6,1,1.6,1,1.6,1.6,1.6,1.6,1.6,1,1.6,1,2.56,1.6,1.6,2.56
FIGhting,PSYchic,1,1,0.625,1.6,1.6,1.6,2.56,1,1,1.6,2.56,1,1.6,1.6,1.6,0.39,1,1,1,1,1,1.6,1.6,1,1,1,1.6,1,1.6,1,1,1,1,1.6,1,1.6,1,1,1.6,1,1,1.6,1.6,1,1,1,1,1.6,1.6,1,1,1,1.6,1,1,1,1,1.6,1.6,1.6,1,1,1,1.6,1.6,1,1,1.6,1,1,1,2.56,2.56,1.6,1.6,1,1,1,1,1,1,1.6,1,1,1,1.6,1.6,0.625,1.6,1,1,0.625,1.6,1,2.56,1,1,0.625,1.6,1.6,1,1,1.6,1,1,1.6,0.625,1,1,1.6,1,1.6,1.6,1,1,1.6,1,1,1,0.625,1.6,1,1.6,1.6,1,0.625,2.56,0.625,1.6,1.6,0.625,1.6,1.6,1.6,0.625,1.6,1.6,1.6,1,1,1,1.6,1.6,1.6,1.6,2.56,1.6,1.6,1.6,1,1,1.6,1.6,0.625,1,1,1.6,2.56,1.6,1,2.56,1.6,2.56,1,0.625,1.6,1,1,1,1.6,2.56
FIGhting,FAIry,1,1,0.625,1.6,1.6,1.6,2.56,1,1,1.6,2.56,1,1.6,1.6,1.6,1.6,1,1,1,1,1,1.6,0.625,1,1,1,1,0.625,0.625,0.625,1.6,1,1,0.625,1,0.625,1,1,1.6,1,1.6,1.6,1.6,1,1,1,1,0.625,1.6,1,1,1,1,1,1,1.6,0.625,0.625,0.625,1.6,1,1,1,1.6,1.6,1,1,1.6,1.6,1,1.6,2.56,2.56,1.6,1,1.6,1,1,1,1,1,1.6,1,0.625,1.6,0.625,1.6,0.625,1.6,1,1,1,1.6,0.625,1,1,1,1,0.625,0.625,1,1,1.6,1,1,1.6,1,1,1.6,1.6,1,1.6,1.6,1.6,1,2.56,1.6,1,1.6,1,2.56,1,1,1,1.6,1,2.56,1,1.6,2.56,1.6,1.6,1.6,1.6,1,1.6,1.6,1.6,1,1.6,1,1.6,1.6,1.6,1.6,2.56,1.6,1.6,1.6,1,1,1.6,1.6,1,1,1,1.6,2.56,1.6,1,2.56,1.6,2.56,1,1,1.6,1.6,1,1,1.6,2.56
ROCk,DARk,0.625,1,1.6,1,1,1,1,1,1.6,1,0.625,1,1,1,0.625,1,1.6,1,1.6,1,1.6,1,1,1.6,1,1,1,1.6,1,1.6,1,1,1.6,1,1,1,1,1,1,1,1.6,1.6,1.6,1.6,1,1.6,0.625,1.6,1,1.6,1,1.6,1,1,1.6,1,2.56,1,1.6,1,1.6,1.6,1.6,0.625,1,1.6,1.6,1,1.6,1.6,1,1,1,1,1,1,1.6,1.6,1.6,1.6,1,1,1.6,1.6,1,1.6,0.625,1.6,1,1,1.6,1,1,2.56,0.625,1.6,1.6,1.6,1,1.6,1.6,1,0.625,1,1.6,0.625,1.6,1,1.6,0.625,1.6,0.625,1,1.6,1,0.625,1,1.6,1,1.6,1,1,1,1.6,1.6,2.56,1,1.6,1.6,0.625,1.6,1,1,1,1.6,1,0.625,1,1,1,1.6,1.6,1,1.6,1,1,2.56,1.6,0.625,1,2.56,1,1.6,1.6,2.56,1.6,1,1,0.625,1.6,1.6,1,1.6,1.6,1.6,1,1,2.56,1.6,1.6,1.6
WATer,FIGhting,1,1,1,1.6,1.6,1.6,2.56,1,1,1.6,2.56,1,1.6,1.6,1.6,1,1,1,1,1,1,1.6,0.625,0.625,0.625,1,1,1.6,1,1.6,0.625,1,1,1,1,1,1,1,1.6,1,0.625,1.6,1.6,1.6,2.56,0.625,1.6,1,1.6,1,1,1.6,0.625,1.6,1,1,1.6,1.6,1,1.6,1,0.625,1,1,1.6,1.6,1,1,1,1,1,2.56,2.56,1.6,1.6,1,1,1,1,0.625,1.6,1.6,1,1,1,1.6,1,1.6,1.6,1.6,1,1,1.6,1.6,1,1.6,1,1,0.625,1,1,1.6,1.6,1,1,1,0.625,1.6,0.625,1.6,1.6,1,1,1,1,1.6,1,1.6,1,1,1.6,0.625,1.6,1,0.625,1,2.56,1,1.6,1,0.625,1.6,1.6,1,1.6,1.6,1.6,1.6,1,1,1,1.6,1.6,2.56,1.6,2.56,1.6,1.6,1.6,1,1,1.6,1.6,1,1,0.625,1.6,2.56,1,1.6,2.56,1.6,2.56,1,0.625,2.56,1,1,0.625,1.6,2.56
FLYing,STEel,1,0.625,0.625,0.625,0.625,0.625,0.625,1,1,0.625,0.625,0.625,1,0.625,1,1,0.625,1,0.625,1,0.625,0.625,1,1,1,1.6,1,1,0.625,1,1.6,1.6,1,1.6,0.625,1,1,1.6,0.625,0.625,1,1,1,1,1,1,1.6,1,1,1,1,0.625,1,1,1,1.6,1,1,1,0.625,1,1.6,1,1,1,1,1,1.6,1,1,1,1,1,1,1.6,0.625,1,1.6,1.6,1.6,0.625,1,1.6,1,1,1,1.6,1,1,1,1.6,1.6,1,1.6,1.6,1.6,1.6,0.625,1.6,1.6,1.6,1.6,1.6,1.6,1.6,1.6,1,2.56,1,1,1.6,1.6,1.6,1.6,1,1.6,1,1.6,1.6,1,1,1.6,1.6,1.6,1.6,1,1,1,1,1.6,1,1,1,2.56,1,1.6,1.6,1.6,1.6,1,2.56,1,1.6,1,1.6,1.6,1,1.6,1.6,1.6,1.6,1.6,1.6,1.6,1.6,1.6,1.6,1.6,2.56,1.6,1.6,1.6,1.6,1.6,1.6,1.6,1.6,1.6,2.56,1.6,2.56
FIRe,STEel,1.6,1.6,1.6,1,1,1.6,1.6,2.56,1,1.6,1.6,1.6,2.56,1.6,1.6,1,1.6,1,1,1,1,1,0.625,0.625,1,1.6,1,0.625,1,1,1.6,1.6,1,1.6,0.625,1,0.625,1.6,1,1,1,0.625,0.625,0.625,0.625,0.625,1.6,1,0.625,1.6,0.625,0.625,1,1,1,1.6,0.625,1,1,1,0.625,1,0.625,1,1,1,1,1,1,1,0.625,1,2.56,0.625,0.625,0.625,1,1.6,1.6,1.6,1,1,1,1,1,0.625,0.625,0.625,1,1,1.6,1.6,1,1,1,1.6,1.6,1,1.6,1.6,1.6,1.6,1,1,1.6,1,0.625,2.56,1,1,1.6,1.6,1,1.6,1.6,1,1,1.6,1,1,1,1.6,1.6,1.6,1,1,1,1,1.6,1,1,1,1,1.6,1,1.6,1,1.6,1.6,1,2.56,1,1.6,1,1.6,1.6,1,1.6,1.6,1.6,1.6,1.6,1.6,1.6,1.6,1.6,1.6,1.6,1.6,1.6,1.6,1.6,1.6,1.6,1.6,1.6,1,2.56,2.56,2.56,2.56
FIGhting,STEel,1,1,0.625,1.6,1.6,1.6,2.56,1,1,1.6,2.56,1,1.6,1.6,1.6,1,1,1,0.625,1,0.625,1.6,0.625,0.625,1,1.6,1,0.625,0.625,1,1.6,1.6,1,1.6,1,1,1,1.6,1.6,1,1,1.6,1.6,1,1,0.625,1.6,1,1.6,0.625,1,1,1,1,1,1.6,0.625,1,1,1.6,1,0.625,1,1,1.6,1,1,1,1,1,1,2.56,2.56,1.6,1,1,1,1.6,1,1,1,1.6,1,1,1,0.625,1,0.625,1.6,1,1,1.6,1.6,0.625,1,1.6,1.6,0.625,1,1,1.6,1,1.6,1,1,1,0.625,2.56,1,1.6,1.6,1.6,1,1,1,1.6,1,1.6,1,1,1.6,1.6,1.6,1.6,1,1,2.56,1,1.6,1,1,1.6,1.6,1,1,1.6,1,1.6,1,1,2.56,1.6,1.6,1.6,1.6,2.56,1.6,1.6,1.6,1,1.6,1.6,1.6,1,1,1,1.6,2.56,1,1.6,2.56,1.6,2.56,1.6,1,1.6,1,1.6,1,1.6,2.56
FIRe,ELEctric,1.6,1.6,1.6,1,1.6,1.6,1.6,2.56,1,1.6,1.6,1.6,2.56,1.6,1.6,1,1.6,1,1,1,1,1,1.6,1.6,1.6,1,1,1,1,1,0.625,1,1,1,1,1,0.625,1,1,1,0.625,1,1,1,0.625,2.56,1,1,1.6,1.6,1.6,0.625,0.625,1,1.6,1,1.6,1,1.6,1,1.6,1.6,0.625,1,1,1,1.6,1,1.6,1.6,1,1,2.56,1.6,1,0.625,1,1.6,1.6,1.6,1,0.625,1,1,0.625,1,1.6,1,1,1,1.6,1,1,1,1,1.6,1.6,1,1.6,1.6,1.6,1.6,1,1,1.6,1,1.6,1,1,1,1,1,1.6,1.6,1.6,1,0.625,1,1,1,0.625,1.6,1,1.6,1,1,1,1.6,1.6,0.625,0.625,1.6,0.625,1.6,1,1.6,1,1,1.6,1,1.6,1.6,1,1,0.625,1,1,1,1,1.6,1.6,1.6,1.6,1.6,1.6,1.6,1.6,1,1.6,1,1.6,1.6,1.6,1.6,1.6,0.625,1,2.56,2.56,2.56,1
ICE,FLYing,0.625,1,0.625,1,0.625,0.625,0.625,1,1,0.625,0.625,0.625,1,1,1,1,0.625,1,1,1,1.6,0.625,1,1,1,1,1,1,1,1,1.6,1,1,1,0.625,1,1,1,1,1,1.6,1,1,1,1,1,1.6,1,1,1,1,0.625,1.6,2.56,1.6,1,1,1.6,1.6,1,1,1.6,1,1,1,1.6,1.6,1.6,1.6,1.6,1,0.625,0.625,1,1.6,1.6,1,1.6,1.6,1.6,1.6,1.6,1.6,1,1.6,1,1.6,1,1.6,1.6,1.6,1,1,1.6,1.6,1.6,1.6,1,1.6,1.6,1,1.6,1.6,1.6,1.6,1.6,1,1,2.56,1.6,1,1.6,1.6,1.6,1.6,1.6,2.56,1,1.6,1,1.6,1.6,1,1,1.6,1,1,1.6,0.625,1.6,1.6,0.625,1,2.56,1.6,1.6,1.6,1,1.6,1,1,1,1.6,0.625,1.6,1,1,1,1,2.56,1,1,1,1.6,1.6,2.56,1.6,1,2.56,1,1,1.6,1,1,1.6,1.6,2.56,1.6,2.56,1.6,0.625
FIRe,PSYchic,1.6,1.6,1.6,1,1,1.6,1.6,2.56,1,1.6,1.6,1.6,2.56,1.6,1.6,1,1.6,1,1,1,1,1,1.6,1,1,1,1.6,1,1.6,1,1,1,1,1.6,1,1.6,1,1,1,1,1,0.625,1,1,1,1,1,1.6,1,1.6,1,1,1.6,1,1,1,1,1.6,1.6,1,1,1,1,1.6,1,1,1,1.6,1,1,1,1,2.56,0.625,1.6,1,1,1,1.6,1.6,1,1,1,1,1,1.6,1.6,0.625,1,1,1.6,1,1,1,2.56,1,1.6,1,1.6,1.6,1.6,1.6,1.6,1,1.6,1.6,0.625,1,1,1,1,1.6,1.6,1.6,1.6,1,1,1,1,1,0.625,1.6,1.6,1.6,1,1,1,1,1.6,1.6,0.625,1,1,1.6,1,1.6,1.6,1,1.6,1,1.6,1,1,1,1,1,1,1,1.6,1.6,1.6,1.6,1.6,1.6,1.6,1.6,1.6,0.625,1.6,0.625,1.6,1.6,1.6,1.6,1.6,1,1,2.56,2.56,2.56,1
FIRe,GHOst,1.6,1.6,1.6,1,1,1.6,1.6,2.56,1,1.6,1.6,1.6,2.56,1.6,1.6,1,1.6,1,1.6,1,1,1,1,1.6,1,1.6,1,1.6,1,1,1,1,1.6,1,1,1,1,1,1,1,1.6,0.625,0.625,1,1,1,1,1.6,0.625,1.6,1,1,1,1,1,1,1,1,1,1,1,1,1,1,1,1.6,1.6,1.6,1,1,1,1,2.56,0.625,1,1,1,1,1.6,1.6,1,0.625,1,1.6,1,1,1,1.6,1,1,1.6,1.6,1,1,1,1,1.6,1.6,1.6,1.6,1.6,1.6,1,1,1.6,1,1.6,1,1,1,1.6,1,1,1.6,1.6,1,1,1,1.6,1.6,0.625,1.6,1,1.6,1,2.56,1,1.6,1.6,1,1.6,1,1,1.6,1.6,1.6,1,1,1.6,1,1.6,1,1,1,1,0.625,1,1,1,1.6,1.6,1.6,1.6,1.6,1.6,1.6,1.6,0.625,1.6,1.6,1.6,1.6,1.6,1.6,1.6,1,1,2.56,2.56,2.56,1
ICE,GHOst,1,1,1.6,1,1,1,0.625,1,1,1,0.625,1,1,1,1,1,1.6,1,1.6,1,1.6,1,1,1.6,1,1.6,1,1.6,1,1,1.6,1,1.6,1,1,1,1,1,1,1,1.6,0.625,0.625,1,1,1,1.6,1.6,0.625,1,1,1,1.6,2.56,1.6,1,1,1.6,1.6,1,1,1,1,1,1,1.6,1.6,1.6,1.6,1.6,1,1,1,0.625,1,1.6,1,1.6,1.6,1.6,1.6,1.6,1,1.6,1.6,1,1,1.6,1.6,1.6,1,1.6,1,1,1,1.6,1,1.6,1.6,1,1.6,1.6,1,1,1,1,1.6,1,2.56,1.6,1.6,1,1.6,1,1.6,1,2.56,1,1.6,1.6,1.6,1.6,1,1,1.6,2.56,1,1.6,1,1.6,1.6,1,1,1,1.6,1.6,1.6,1,1.6,1,1,1,1.6,1,1.6,1,1,1,1,2.56,1,1,1,1.6,1.6,2.56,1.6,1,1.6,1.6,0.625,1,0.625,1.6,1.6,1.6,2.56,1,1.6,1,1
ICE,FAIry,0.625,1,0.625,1,0.625,0.625,0.625,0.625,1,0.625,1,0.625,1,1,1,1.6,0.625,1,1,1,1.6,0.625,0.625,1,1,1,1,0.625,1,0.625,1.6,1,1,1,1,1,1,1,1,1,1.6,1,0.625,0.625,1,1,1.6,1,1,1,1,0.625,1.6,2.56,1.6,1.6,1,1.6,1.6,1.6,0.625,1,1,1.6,1,1.6,1.6,1.6,1.6,1.6,1.6,0.625,0.625,1.6,1,1.6,1,1.6,1,1.6,1.6,1.6,1,1,1.6,0.625,1.6,0.625,1.6,1.6,1,1,1.6,0.625,1,1.6,1,1,1.6,1,1,1.6,1.6,1,1,1.6,1,1,2.56,1.6,1,1.6,1.6,1.6,1.6,2.56,2.56,1,1.6,1,2.56,1.6,1,0.625,1.6,1,1.6,1.6,1,2.56,1.6,1,1,1.6,1.6,1.6,1.6,1,1.6,1.6,1,1,1.6,0.625,1.6,1,0.625,1.6,1.6,2.56,1,1,1,1,1.6,2.56,1.6,1.6,1.6,1,1,1.6,1.6,1,1.6,1.6,2.56,1,1.6,1,1
ELEctric,FIGhting,1,1.6,1,1.6,1.6,1.6,2.56,1,1,1.6,2.56,1,1.6,1.6,1.6,1,1,1,0.625,0.625,1,1.6,1.6,1.6,1.6,1,1,1,0.625,1,0.625,1,1,1,1,1,1,1,1.6,1,0.625,1.6,1.6,1,1,2.56,0.625,1,1.6,0.625,1.6,1,0.625,0.625,1.6,1,1.6,0.625,1.6,1.6,1.6,1.6,1,1,1.6,0.39,1.6,1,1.6,1.6,1,2.56,2.56,1.6,1,1,1,1.6,1,0.625,1,1.6,1,1,1,1,1.6,1,1.6,1,1,1,1.6,1,1,1.6,1,0.625,0.625,1,1,0.625,1.6,1,1,1,1.6,1,1,1.6,1,1,1.6,1,1,1.6,1,1,1,1,1.6,0.625,1,1,0.625,1,2.56,1.6,1.6,1,0.625,1.6,1.6,1,0.625,1.6,1,1.6,1,1,1,1.6,1.6,1.6,1.6,2.56,1.6,1.6,1.6,1,1.6,1.6,1.6,1,1.6,1,1.6,2.56,1,1,2.56,1.6,2.56,1,0.625,1.6,1,1,0.625,1.6,2.56
STEel,FAIry,1,0.625,0.625,1,0.625,0.625,0.625,0.625,1,0.625,1,0.625,0.625,0.625,1,1.6,0.625,1,1,1,1,0.625,0.625,1,1,1.6,1,0.625,0.625,1,1.6,1.6,1,1.6,1,1,1,1.6,1,1,1.6,1,0.625,0.625,0.625,1,1.6,1,1,1,1,0.625,1,1,1,1.6,0.625,1,1,1.6,0.625,1,1,1.6,1,1,1,1.6,1.6,1,1.6,1,1,1.6,1,1.6,1,1.6,1,1,1,1.6,0.625,1,1.6,0.625,1.6,0.625,1,1,1,1.6,1.6,0.625,1,1.6,1.6,1,1,1,1.6,1,1.6,1,1,1.6,1,2.56,1.6,1.6,1.6,1.6,1.6,1.6,1,2.56,1.6,1.6,1.6,1,2.56,1.6,1.6,1.6,1.6,1,1.6,1,1,2.56,1.6,1,1,1.6,1,1,1.6,1.6,1,1.6,2.56,1,1.6,1,1.6,1.6,1,1.6,1.6,1,1.6,1.6,1.6,1,1,1,1.6,1.6,1.6,1.6,1.6,1.6,1.6,1.6,1,1.6,1.6,1.6,1,1.6,2.56
FIGhting,POIson,1,1,0.39,1.6,1.6,1.6,2.56,1,0.625,1.6,2.56,1,1.6,1.6,1.6,0.625,1,1,0.625,1.6,1,1.6,0.625,0.625,1.6,1,1,0.625,0.625,1.6,1.6,1.6,0.625,1,1,0.625,1,1.6,1.6,1,0.625,1.6,1.6,1,1,1,1,0.625,1.6,1,1,1,0.625,0.625,1,1.6,1,0.625,0.625,1.6,1,1,1,1,1.6,0.625,0.625,0.625,1,1,1,2.56,2.56,1.6,1,1,1,1.6,0.625,1,1,1.6,1.6,0.625,1,0.625,1,1,1.6,1,1,1.6,1.6,1,0.625,1,1.6,1,1,0.625,0.625,0.625,1.6,1.6,1,1,1,1,1,1.6,0.625,1.6,1,1,1.6,1.6,1,1,1,1,1.6,2.56,1,1,1,0.625,2.56,1,1.6,1,1,1.6,1.6,1,0.625,1.6,1,1.6,1.6,1,1.6,1.6,1.6,1.6,1.6,2.56,1.6,1.6,1.6,1,1,1.6,1.6,1,1,1.6,1.6,2.56,1.6,1,2.56,1.6,2.56,1,1.6,1.6,1.6,1,1.6,1.6,2.56
FIRe,DARk,1.6,1.6,1.6,1,1,1.6,1.6,2.56,1.6,1.6,1.6,1.6,2.56,1.6,1.6,1,1.6,1,1.6,1,1,1,1,1.6,0.625,1,1,1.6,1,0.625,0.625,1,1.6,1,1,1,1,1,1,1,1.6,0.625,1,1,1,1,1,1.6,1,1.6,1,1,1,1,1,1,1,1,1,1,1,1,1,1,1,1.6,1.6,1,1,1,1,1,2.56,0.625,0.625,1,1.6,1,1.6,1.6,1,1,1,1.6,1,1,0.625,1.6,1,1,1.6,1,1,1,1,1,1.6,1.6,1.6,1.6,1.6,1.6,1,1,1.6,1,1.6,0.625,1,1,1.6,1,1,1.6,1.6,1,1,1,1,1.6,0.625,1.6,1,1.6,1,2.56,1,1.6,1.6,0.625,1.6,1,1,1.6,1.6,1.6,1,1,1.6,1,1.6,1,1,1,1,1,1,1,0.625,1.6,1.6,1.6,1.6,1.6,1.6,1.6,1.6,0.625,1.6,1.6,1.6,1.6,1.6,1.6,1.6,1,1,2.56,2.56,2.56,1
ICE,DARk,0.625,1,1.6,1,1,1,1,1,1.6,1,0.625,1,1,1,0.625,1,1.6,1,1.6,1,1.6,1,1,1.6,0.625,1,1,1.6,1,0.625,1.6,1,1.6,1,1,1,1,1,1,1,1.6,0.625,1,1,1,1,1.6,1.6,1,1,1,1,1.6,2.56,1.6,1,1,1.6,1.6,1,1,1,1,1,1,1.6,1.6,1,1.6,1.6,1,1,1,0.625,0.625,1.6,1.6,1.6,1.6,1.6,1.6,1.6,1,1.6,1.6,1,0.625,1.6,1.6,1.6,1,1,1,1,1,1.6,1,1.6,1.6,1,1.6,1.6,1,1,1,1,1.6,1,2.56,1.6,1.6,1,1.6,1,1.6,1,2.56,1,1,1.6,1.6,1.6,1,1,1.6,2.56,1,1.6,1,1.6,1.6,1,1,1,1.6,1.6,1.6,1,1.6,1,0.625,1,1.6,1,1.6,1,1,1,1,2.56,1,1,1,1.6,1.6,2.56,1.6,1,1.6,1.6,1,0.625,0.625,1.6,1.6,1.6,2.56,1,1.6,1,1
ICE,PSYchic,0.625,1,0.625,1,0.625,0.625,0.625,0.625,1,0.625,0.625,1,1,1,1,1,0.625,1,1,1,1.6,0.625,1.6,1,1,1,1.6,1,1.6,1,1.6,1,1,1.6,1,1.6,1,1,1,1,1.6,0.625,1,1,1,1,1.6,1.6,1,1,1,1,1.6,2.56,1.6,1,1,1.6,1.6,1,1,1,1,1.6,1,1.6,1.6,1.6,1.6,1.6,1,0.625,0.625,0.625,1.6,1.6,1,1.6,1,1.6,1.6,1.6,1,1,1.6,1.6,1.6,0.625,1.6,1.6,1,1,1,1,2.56,1.6,1,1,1.6,1.6,1,1.6,1.6,1,1,1.6,0.625,1,2.56,1.6,1,1.6,1.6,1,1.6,1,2.56,1,1,1,1.6,1.6,1.6,1.6,1.6,1,1,1.6,1,1.6,1.6,1,1,1.6,1.6,1.6,1.6,1,1.6,1,1,1,1.6,1,1.6,1,1,1,1.6,2.56,1,1,1,1,1.6,2.56,1.6,1,1.6,1,1,1.6,0.625,0.625,1.6,1.6,2.56,1,1.6,1,1
GRAss,ICE,0.625,1,0.625,1,1,0.625,0.625,0.625,1,0.625,0.625,0.625,1,1,0.625,1,0.625,1,1,1,1.6,0.625,1,1.6,1.6,1,1,0.625,1,0.625,1.6,1,1,1,1.6,1,2.56,1,1,1,1.6,0.625,0.625,0.625,1,1,1.6,1,1.6,1,1.6,0.625,1.6,2.56,1.6,1,1,1.6,1.6,1,1,1,1,1,1,1.6,1.6,1,1.6,1.6,1,1,0.625,1.6,0.625,1.6,1,1.6,1,1.6,1.6,1.6,1,1,1.6,0.625,1.6,0.625,1.6,1.6,1,1,1,0.625,1,1.6,1,1,1.6,1,1,1.6,1,1,1,1,1.6,1.6,2.56,1.6,1.6,1,1.6,1,1.6,1,2.56,1,1,1,1.6,1.6,1,0.625,1.6,1,1,1.6,1,1.6,1.6,2.56,1.6,1,1.6,1.6,1.6,1.6,1.6,1,1,1.6,1.6,1,1.6,1.6,0.625,1,1.6,2.56,1,1.6,1,1,1.6,2.56,1.6,1.6,1.6,1.6,1,1,1,1,1.6,2.56,2.56,0.625,1.6,1,1.6
POIson,ROCk,0.625,1,0.625,0.625,0.625,0.625,0.625,1,1,0.625,0.625,0.625,0.625,0.625,0.625,1,0.625,1,1,1.6,1.6,1,1,1,1.6,1,1,1.6,1,1.6,1.6,1.6,1,1,1,1,0.625,1.6,1,1,1,1.6,1.6,1.6,1,1.6,1,1,1,1.6,1,1.6,1,1,1.6,1.6,2.56,0.625,1.6,1,1.6,1.6,1.6,1,1,0.625,1.6,0.625,1.6,1.6,1,0.625,1,1,1,1,1,1.6,1.6,1,0.625,1,1.6,1,1,1.6,1,1.6,0.625,0.625,1.6,1.6,1,2.56,0.625,1.6,1.6,1,1,1.6,1.6,1,1,1.6,1.6,1,1,1,1.6,0.625,1,1.6,1,1.6,1.6,1,0.625,1.6,1,1,1,2.56,1,1.6,1.6,1,1,1.6,1.6,1,1,1,1,1,0.625,1.6,0.625,1,1.6,1,1.6,1.6,1,1.6,1,1,2.56,1.6,0.625,1,2.56,1,1.6,1.6,2.56,1.6,1.6,1,1.6,1,1.6,1,1.6,1.6,1.6,0.625,1.6,2.56,1.6,1.6,1.6
GRAss,FLYing,0.625,0.625,0.625,0.625,1,0.625,0.625,1,1,0.625,0.625,0.625,1,1,1,1,0.625,1,1,1,0.625,0.625,1,1.6,1.6,1,1,1,0.625,1,1,1,1,1,1.6,1,2.56,1,1,1,1,1,1,1,1,1,1.6,1,1.6,1,1.6,0.625,1,1,1,1,1,1,1,1,1,1.6,1,1,1,1.6,1,1.6,1,1,1,1,0.625,1.6,1.6,0.625,1,1,1.6,1.6,1.6,1,1.6,1,1,1,1.6,1,1.6,1.6,1.6,1,1,1.6,1.6,1,1.6,1,1.6,1.6,1,1.6,1.6,1.6,1.6,1.6,1.6,1.6,1,1.6,1.6,1.6,1.6,1.6,1,1.6,1,1,1.6,1,1,1.6,1,1,1.6,1,1,1,1,1.6,1,2.56,1.6,2.56,1.6,1.6,1.6,1.6,1.6,1,1,1.6,1,1,1,1.6,1,1,1.6,1.6,1,1.6,1,1.6,1.6,1.6,1.6,1.6,2.56,1.6,1,1.6,1,1,1.6,2.56,1.6,1.6,2.56,1.6,1.6
GHOst,FAIry,1,1,1.6,1,1,1,0.625,1,1,1,1,1,1,1,1,1.6,1.6,1,1.6,1,1,1,1,1.6,1,1.6,0.625,1.6,1,1,1.6,1,1.6,1,1,1,1,1,1,1,1.6,1,0.625,1,1,1,1,1.6,1,1,1,1,1,1,1,1.6,1,1,1,1.6,1,1,1,1.6,1,1.6,1.6,1.6,1.6,1,1.6,1,1,1.6,1,1.6,1,1,1.6,1.6,1,1.6,1,1.6,1.6,1,1.6,1.6,1,1,1,1.6,1.6,1,1,1,1,1.6,1,1,1.6,1,1.6,1,1,1.6,1.6,1,1.6,1.6,1.6,1.6,1.6,1.6,1,2.56,1.6,1,1.6,1.6,2.56,1,1,1,1.6,2.56,1.6,1.6,1,2.56,1.6,1,1,1.6,1.6,1,1.6,1,1,1.6,1,1,1,1,1.6,1,1,1.6,1.6,1,1,1,1,1.6,1,1,1.6,1.6,1.6,1.6,1,1.6,1.6,1.6,1.6,1,1.6,1,1,1,1
DARk,FAIry,0.625,1,1.6,1,1,1,1,1,1.6,1,1,1,1,1,1,1.6,1.6,1,1.6,1,1,1,1,1.6,1,1,1,1.6,1,0.625,1.6,1,1.6,0.625,1,1,1,1,1,1,1.6,1,1,1,1,1,1,1.6,1,1,1,1,1,1,1,1.6,1,1,1,1.6,1,1,1,1.6,1,1.6,1.6,1.6,1.6,1,1.6,1,1,1.6,1,1.6,1.6,1,1.6,1.6,1,1.6,1,1.6,1.6,1,1.6,1.6,1,1,1,1,1.6,1,1,1,1,1.6,1,1,1.6,1,1.6,1,1,1.6,1.6,1,1.6,1.6,1.6,1.6,1.6,1.6,1,2.56,1.6,1,1.6,1.6,2.56,1,1,1,1.6,2.56,1.6,1.6,1,2.56,1.6,1,1,1.6,1.6,1,1.6,1,1,1.6,1,1,1,1,1.6,1,1,1.6,1.6,1,1,1,1,1.6,1,1,1.6,1.6,1.6,1.6,1,1.6,1.6,1.6,1.6,1,1.6,1,1,1,1
WATer,BUG,1,1,1,0.625,0.625,1,1,1,1,1,1,1,1,1.6,1,1,1,1,1,1,1,1.6,0.625,0.625,0.625,1,1,1.6,1,1.6,0.625,1,1,1,1,1,1,1,1,1,0.625,1.6,1.6,1.6,2.56,0.625,1.6,1,1,1,1,1.6,0.625,1.6,1,1,1.6,1.6,1,1.6,1,1,1,1,1,1.6,1,1,1,1,1,1.6,1,1.6,1.6,1,1.6,1,1,1,1.6,1,1,1,1,1.6,0.625,1.6,1.6,1.6,1,1,1.6,1.6,1,1.6,1,1.6,1,1,1,1.6,1,1.6,1,1,1.6,1.6,0.625,1.6,1.6,1,1,1.6,1.6,1,1,1.6,1,1.6,1.6,1,1.6,1,1,1,1.6,1,1,0.625,1.6,1,1.6,1,1.6,1.6,1.6,1.6,1.6,2.56,1,1,1.6,2.56,1,1.6,1.6,1,1.6,1.6,1,1.6,1,1.6,1,1,2.56,1.6,1,1.6,1,1,1.6,1.6,2.56,2.56,1.6,1,1.6,1.6,1.6
FIRe,FLYing,1.6,1.6,1.6,1,1,1.6,1.6,2.56,1,1.6,1.6,1.6,2.56,1.6,1.6,1,1.6,1,1,1,1,1,1,1,1,1,1,1,1,1,1,1,1,1,0.625,1,1,1,1,1,1,1,1,1,1,1,1,1,1,1.6,1,0.625,1,1,1,1,1,1,1,1,1,1.6,1,1,1,1,1,1.6,1,1,1,1,2.56,1,1.6,0.625,1,1,1.6,1.6,1,1,1.6,1,1,1,1.6,1,1,1,1.6,1,1,1.6,1.6,0.625,1.6,1,1.6,1.6,1.6,1.6,1.6,1.6,1.6,1.6,1,0.625,1,1,0.625,1.6,1.6,1.6,1.6,1.6,1,1,1.6,1,1,1.6,0.625,1.6,1.6,1,1,1,1.6,1.6,1,0.625,0.625,2.56,1,1.6,1.6,0.625,1.6,1,1.6,1,1,0.625,0.625,0.625,1,1,1,1.6,1.6,1.6,1.6,1.6,1.6,1.6,1.6,0.625,2.56,0.625,1.6,1.6,1.6,1.6,1.6,0.625,1.6,2.56,2.56,2.56,1
FIRe,BUG,1.6,1.6,1.6,1,1,1.6,1.6,2.56,1,1.6,1.6,1.6,2.56,1.6,1.6,1,1.6,1,1,1,1,1,0.625,0.625,0.625,1,1,0.625,1,0.625,0.625,1,1,1,1,1,1,1,1,1,0.625,1,0.625,0.625,0.625,0.625,1,1,1,1.6,1,0.625,0.625,1,1,1,0.625,1,1,1.6,0.625,1,0.625,1,1,1,1,1,1,1,1,1,2.56,1.6,0.625,1,1.6,1,1.6,1.6,1,1,1,1,1,0.625,0.625,1,1,1,1.6,1,1.6,1,1,0.625,1.6,1.6,1.6,1.6,1.6,1.6,1,1.6,1.6,1,1.6,0.625,0.625,1.6,0.625,1,1,1.6,1.6,1,1,1,1,1.6,1.6,1.6,0.625,1.6,1,1,1.6,1,1.6,0.625,1.6,1,1,1.6,1.6,1.6,1,1,1.6,2.56,1.6,1,1.6,0.625,1,1,1,1,0.625,1.6,1.6,1.6,1.6,1.6,1.6,1.6,2.56,1.6,1.6,1.6,1.6,1.6,1.6,1.6,2.56,1,1.6,2.56,2.56,2.56,1
FIGhting,BUG,1,1,0.625,1.6,1.6,1.6,2.56,1,0.625,1.6,2.56,1,1.6,1.6,1.6,1,1,1,0.625,0.625,0.625,1.6,0.625,0.625,0.625,0.625,1,0.625,0.625,0.625,0.625,1,0.625,0.625,1,0.625,1,0.625,1.6,1,0.625,1.6,1.6,1,1,0.625,0.625,0.625,1.6,1,1,1,0.625,0.625,1,1,0.625,0.625,0.625,1.6,1,1,1,1,1.6,0.625,0.625,0.625,1,0.625,1,2.56,2.56,1.6,1,1,1.6,0.625,0.625,1,1,1.6,1,1,1,0.625,1,1,1.6,1,1,1,1.6,0.625,0.625,1,0.625,1.6,1,0.625,0.625,1,1.6,1.6,1,1,1.6,1,0.625,1.6,0.625,0.625,0.625,1.6,1.6,1.6,1,1,1,1.6,1.6,1,1,1,1,1,2.56,1,1.6,1,1.6,1.6,1.6,0.625,1.6,1.6,1,1.6,1.6,2.56,1,1.6,1.6,1.6,1.6,2.56,1.6,1.6,1.6,1.6,1,1.6,1.6,1.6,0.625,1,2.56,2.56,1,1.6,2.56,1.6,2.56,1.6,2.56,1.6,1.6,1,1.6,1.6,2.56
ELEctric,ICE,1,1.6,1,1,1.6,1,1,1,1,0.625,1,1,1,1,1,1,1,1,1,1,1.6,1,1.6,1.6,1.6,1,1,1,1,1,1.6,1,1,1,1,1,1,1,1,1,1.6,1,1,1,1,2.56,1.6,1,1.6,1,1.6,0.625,1.6,2.56,1.6,1,1.6,1.6,1.6,1,1.6,1.6,1,1,1,1.6,1.6,1,1.6,1.6,1,1,1,1.6,1,1.6,1,1.6,1,1.6,1.6,1.6,1,1,1.6,1,1.6,1,1.6,1.6,1,1,1,1,1,1.6,1,1,1.6,1,1,1.6,1,1,1,1,1.6,1,2.56,1.6,1,1,1.6,1,1.6,1,2.56,1,1,1,1.6,1.6,1,1,1.6,1,1,1.6,0.625,1.6,1.6,1.6,1,1,1.6,1.6,1.6,1,1.6,1,1,1.6,1.6,1,1.6,1,1,1,1,2.56,1.6,1,1,1,1.6,2.56,1.6,1,1.6,1,1,1,1,1,1.6,1.6,2.56,1,1.6,1,1
WATer,GHOst,1,1,1.6,1,1,1,1,1,1,1,1,1,1,1.6,1,1,1.6,1,1.6,1,1,1.6,1,1.6,1,1.6,1,1.6,1,1.6,1,1,1.6,1,1,1,1,1,1,1,1.6,1.6,1.6,1.6,2.56,1,1.6,1.6,0.625,1,1,1.6,1,1.6,1,1,1.6,1.6,1,1,1,1,1,1,1,1.6,1.6,1.6,1,1,1,1.6,1,0.625,1.6,1,1,1,1.6,1.6,1.6,0.625,1,1.6,1,1.6,1,1.6,1.6,1.6,1,1.6,1,1.6,1,1.6,1,1.6,1,1,1.6,1.6,1,1,1,1,1.6,1.6,1,1.6,1.6,1,1,1,1,1,1,1.6,1.6,1.6,0.625,1,1.6,1,1,2.56,1,1.6,1,1,1.6,1,1.6,1,1.6,0.625,1.6,1.6,1,1,1,1,1,2.56,1,1.6,1.6,1,1.6,1,1,1.6,1,1.6,1,1,0.625,1.6,1,1.6,1,1,1,1.6,1.6,2.56,1,1,1,1,1.6
FLYing,GHOst,1,1,1.6,1,1,1,0.625,1,1,1,0.625,1,1,1,1,1,1.6,1,1.6,1,1,1,1,1.6,1,1.6,1,1.6,1,1,1,1,1.6,1,1,1,1,1,0.625,1,1.6,1,1,1,1,1,1,1.6,1,1,1,1,1,1,1,1,1,1,1,0.625,1,1.6,1,1,1,1.6,1.6,1.6,1,1,1,1,1,1,1.6,1,1,1,1.6,1.6,1,1,1.6,1.6,1,1,1.6,1.6,1,1,1.6,1.6,1,1.6,1.6,1,1.6,1.6,1.6,1.6,1.6,1.6,1.6,1.6,1.6,1.6,1.6,1,1,1,1.6,1.6,1.6,1.6,1,1.6,1,1,1.6,1.6,1,1.6,1,1,1.6,2.56,1,1.6,1,1.6,1.6,1,1,2.56,1.6,1.6,1.6,1,1.6,1,1,1,1,1,1,0.625,1,1,1,1.6,1,1,1,1.6,1.6,1.6,1.6,0.625,2.56,1.6,1,1.6,1,1.6,1.6,1,1.6,1.6,2.56,1.6,1
FLYing,DARk,0.625,1,1.6,1,1,1,1,1,1.6,1,0.625,1,1,1,1,1,1.6,1,1.6,0.625,1,1,1,1.6,1,1,1,1.6,1,1,1,1,1.6,1,1,1,1,1,1,1,1.6,1,1,1,1,1,1,1.6,1,1,1,1,1,1,1,1,1,1,1,0.625,1,1.6,1,1,1,1.6,1.6,1.6,1,1,1,1,1,1,1.6,1,1.6,1,1.6,1.6,1,1,1.6,1.6,1,1,1.6,1.6,1,1,1.6,1,1,1.6,1.6,1,1.6,1.6,1.6,1.6,1.6,1.6,1.6,1.6,1.6,1.6,1.6,0.625,1,1,1.6,1.6,1.6,1.6,1,1.6,1,1,1.6,1.6,1,1.6,1,1,1.6,2.56,1,1.6,1,1.6,1.6,1,1,2.56,1.6,1.6,1.6,1,1.6,1,1,1,1,1,1,1,1,1,1,1.6,1,1,1,1.6,1.6,1.6,1.6,0.625,2.56,1.6,1,1.6,1,1.6,1.6,1,1.6,1.6,2.56,1.6,1
WATer,STEel,1,1,1,0.625,0.625,1,1,1,1,1,1,1,0.625,1.6,1,1,1,1,1,1,1,1.6,0.625,0.625,1,1.6,1,1.6,1,1.6,1.6,1.6,1,1.6,0.625,1,1,1.6,1,1,1,1.6,1.6,1.6,2.56,0.625,1.6,1,0.625,1,0.625,1.6,1,1.6,1,1.6,1.6,1.6,1,1,1,0.625,1,1,1,1.6,1,1,1,1,0.625,1.6,1,0.625,1.6,0.625,1,1.6,1,1,1.6,1,1,1,1,1.6,0.625,1.6,1.6,1.6,1,1.6,1,1.6,1,1.6,1.6,1,1,1,1.6,1.6,1,0.625,1,1,0.625,2.56,1,1.6,1.6,1.6,1,1,0.625,1,1,1.6,1,1,1,1.6,1.6,1.6,1,1,1,1,1,1,1,1,1.6,1,1.6,1,1.6,1.6,1,1,2.56,1,1.6,2.56,1.6,1.6,1.6,1.6,1.6,1,1.6,1.6,1.6,1,1,1,1,1.6,1,1.6,1.6,1.6,1.6,1.6,1,2.56,1,1.6,1,1.6,2.56
FLYing,FAIry,0.625,0.625,0.625,1,0.625,0.625,0.625,1,1,0.625,1,0.625,1,0.625,1,1.6,0.625,1,1,1,1,0.625,1,1,1,1,1,1,0.625,1,1.6,1,1,1,1,1,1,1,1,1,1.6,1,1,1,1,1,1,1,1,1,1,0.625,1,1,1,1.6,1,1,1,1.6,1,1.6,1,1.6,1,1,1,1.6,1.6,1,1.6,0.625,0.625,1.6,1.6,1.6,1,1,1.6,1.6,1,1.6,1.6,1,1.6,1,1.6,1,1,1,1.6,1,1.6,1.6,1.6,1,1.6,1,1.6,1.6,1,1.6,1.6,1.6,1.6,1.6,1,1,1.6,1.6,1,1.6,1.6,1.6,1,2.56,1.6,1,1.6,1,2.56,1.6,0.625,1,1.6,1,1.6,1,1,2.56,1.6,1,1,2.56,1,1.6,1.6,1,1.6,1.6,1,1,1,0.625,1.6,1,1,1.6,1.6,1.6,1,1,1,1.6,1.6,1.6,1.6,1.6,2.56,1,1,1.6,1.6,1,1.6,1,1.6,1.6,2.56,1.6,1
WATer,ELEctric,1,1.6,1,0.625,1.6,1,1,1,1,1,1,1,0.625,1.6,1,1,1,1,1,1,1,1.6,1.6,1.6,1.6,1,1,1.6,1,1.6,0.625,1,1,1,1,1,1,1,1,1,0.625,1.6,1.6,1.6,2.56,2.56,1.6,1,1.6,1,1.6,1.6,0.625,1.6,1.6,1,1.6,1.6,1.6,1,1.6,1.6,1,1,1,1.6,1.6,1,1.6,1.6,1,1.6,1,1.6,1.6,0.625,1,1.6,1,0.625,1.6,0.625,1,1,0.625,1.6,1.6,1.6,1.6,1.6,1,1,1,1.6,1,1.6,1,1,0.625,1,1,1.6,1,1,1,1,1.6,1.6,1,1.6,1.6,1,1.6,1,0.625,1,1,1.6,1,1,0.625,0.625,1.6,1,0.625,1,1,1.6,1,0.625,0.625,1.6,1.6,1,1.6,0.625,1.6,1.6,0.625,1,1,1.6,1,2.56,1,1.6,1.6,0.625,1.6,1,1.6,1.6,1,1,1.6,1,0.625,1.6,0.625,1.6,1,1,1,1,0.625,2.56,0.625,1,0.625,0.625,1.6
ICE,BUG,0.625,1,0.625,1,0.625,0.625,0.625,0.625,1,0.625,1,0.625,1,1,0.625,1,1,1,1,1,1.6,0.625,0.625,0.625,0.625,1,1,0.625,1,0.625,1.6,1,1,1,1,1,1,1,1,1,1.6,1,0.625,0.625,1,1,1.6,1,1,1,1,0.625,1.6,2.56,1.6,1,1,1.6,1.6,1.6,0.625,1,1,1,1,1.6,1.6,1,1.6,1.6,1,0.625,0.625,1.6,0.625,1.6,1.6,1.6,1,1.6,1.6,1.6,1,1,1.6,0.625,0.625,1,1.6,1.6,1,1,1.6,0.625,1,1.6,1,1.6,1.6,1,0.625,1.6,1,1.6,1,1,1.6,1,2.56,1.6,1,1,1.6,1.6,1.6,1,2.56,1,1,1.6,1.6,1.6,1,0.625,1.6,1,1.6,1.6,1,1.6,1.6,1,1,1,1.6,1.6,1.6,1,1.6,2.56,0.625,1,1.6,0.625,1.6,1,0.625,1,1,2.56,1,1,1,1.6,1.6,2.56,2.56,1.6,1.6,1.6,1,0.625,1.6,1.6,2.56,1.6,2.56,1,1.6,1.6,1
FIRe,DRAgon,1.6,1.6,1.6,1,1,1.6,1.6,2.56,1,1.6,1.6,1.6,2.56,1.6,1.6,1,1.6,1,1,1,1,1,1,1,0.625,1,1,1,1,0.625,0.625,1,1,1,1,1,1,1,1,1,1.6,1,1,1,1,1,1,1,1,1.6,1,1,1.6,1,1,1,1,1,1,1,1,1,1.6,1,1,1,1,1,1,1,1.6,1,2.56,1,1,1.6,1,1,1.6,1.6,1,1.6,1,1,1.6,1,1,1,1,1,1.6,1,1,1,1,1,1.6,1,1.6,1.6,1.6,1.6,1,1,1.6,1,1,0.625,1.6,1,1,1,1,1.6,1.6,1,1.6,1,1,1,1.6,1.6,1,1.6,1.6,1,1,1,1.6,1.6,1.6,1,1,1.6,1,1.6,1,1,1.6,1,1.6,1,1,1,1.6,1,1,1.6,1,1.6,1.6,1.6,1.6,1.6,1.6,1.6,1.6,1,1.6,1,1.6,1.6,1.6,1.6,1.6,1,1.6,2.56,2.56,2.56,1
WATer,POIson,1,1,1,0.625,0.625,1,1,1,1,1,1,1,0.625,1.6,1,1,1,1,1,1.6,1,1.6,0.625,0.625,1.6,1,1,1.6,1,1.6,1.6,1.6,1,1,1,1,1,1.6,1,1,0.625,1.6,1.6,1.6,2.56,1,1.6,1,1,1,1,1.6,0.625,1.6,1,1.6,1.6,1.6,1,1,1,1,1,1,1,1.6,1,1,1,1,1,1.6,1,1,1.6,1,1,1.6,1,1,1.6,1,1.6,1,1,1.6,1,1.6,1.6,1.6,1,1.6,1,1.6,1,1.6,1.6,1,1,1,1,1.6,1,1.6,1,1,1,1.6,1,1.6,1.6,1.6,1,1,1.6,1,1,1.6,1,1,1,2.56,1.6,1,1,1,1,1,1,1,1,1,1.6,1,1.6,1.6,1.6,1.6,1.6,1,1.6,1,1,2.56,1,1.6,1.6,1,1.6,1,1,1.6,1,1,1,1.6,1.6,1.6,1.6,1.6,1,1,1,1,1.6,2.56,1.6,1,1.6,1.6,1.6
GHOst,DRAgon,1,1,1.6,1,1,1,0.625,1,1,1,0.625,1,1,1,1,1,1.6,1,1.6,1,1,1,1,1.6,1,1.6,1,1.6,1,1,1,0.39,1.6,1,1,1,1,1,1,1,1.6,1,1,1,1,1,1,1.6,1,1,1,1,1.6,1,1,0.625,1,1,1,1,1,1,1.6,1,1,1.6,1.6,1.6,1,1,1.6,1,1,1,1,1.6,1,1,1.6,1.6,1,1.6,1,1.6,1.6,1,1,1.6,1,1,1,1.6,1,1,1,1,1,1.6,1,1,1.6,1,1,1,1,1,1.6,1,1.6,1,1.6,1,1,1,1,1,1.6,1,1.6,1.6,1.6,1,1,1,1.6,2.56,1,1.6,1,1.6,1.6,1,1,1,1.6,1,1,1,1,1,1,1,1,1,1.6,1,1,1.6,1,1,1,1,1,1.6,1,1,1,1,1,1.6,1,1,1,1.6,1.6,1,1.6,1,1,1,1
ELEctric,ROCk,1,1.6,1,0.625,1.6,1,1,1,1,0.625,1,1,0.625,0.625,1,1,1,1,1,1,1.6,1,1.6,1.6,1.6,1,1,1.6,1,1.6,1,1,1,1,1,1,0.625,1,1,1,1,1.6,1.6,1.6,1,2.56,0.625,1,1.6,1.6,1.6,1.6,1,1,1.6,1,2.56,0.625,1.6,1,1.6,1.6,1.6,0.625,1,0.625,1.6,1,1.6,1.6,1,1,1,1.6,1,1,1,1.6,1.6,1,0.625,1,1.6,1,1,1.6,1.6,1.6,0.625,0.625,1.6,1,1,2.56,1,1.6,1.6,1,1,1.6,1.6,1,1,1,1.6,1,1.6,1,1.6,0.625,1,1,1.6,1.6,1,1,0.625,1.6,1,1,1,1,1,1.6,1.6,1,1,1.6,1.6,0.625,1,1.6,1,1,0.625,1,0.625,1,1,1,1.6,1.6,1,1.6,1,1,2.56,1.6,1,0.625,2.56,1,1.6,1.6,2.56,1.6,1,1,0.625,1,1.6,1,1.6,1.6,1,0.625,1,2.56,1.6,1.6,1.6
GRAss,FAIry,0.625,0.625,0.625,1,1,0.625,0.625,0.625,1,0.625,1,0.625,0.625,1,1,1.6,0.625,1,1,1,1,0.625,1,1.6,1.6,1,0.625,0.625,0.625,0.625,1.6,1,1,0.625,1.6,0.625,2.56,1,1,1,1.6,1,0.625,0.625,1,1,1.6,0.625,1.6,1,1.6,0.625,1,1,1,1.6,0.625,1,0.625,1.6,1,1,1,1.6,1,1.6,1,1.6,1.6,1,1.6,1,0.625,1.6,1,1.6,1,1,1,1,1.6,1.6,0.625,0.625,1.6,0.625,1.6,0.625,1.6,1.6,1,1,1.6,0.625,1,1,1,1,0.625,0.625,1,1,1.6,1,1,1.6,1.6,1.6,1.6,1.6,1.6,1.6,1.6,1.6,1,2.56,1.6,1,1.6,1,2.56,1,1,0.625,1.6,1,1.6,1,1,2.56,1.6,2.56,1.6,1.6,1.6,1,1.6,1.6,1,1.6,1,1.6,1,1,1.6,1.6,0.625,1.6,1.6,1,1,1.6,1,1,1,1,1.6,1.6,1.6,1.6,1,1.6,1.6,1,1,2.56,1.6,1,1,1,1.6
GRAss,FIGhting,1,1,0.625,1.6,1.6,1.6,2.56,1,1,1.6,2.56,1,1.6,1.6,1.6,1,1,1,1,1,0.625,1.6,1,1.6,1.6,1,1,0.625,0.625,0.625,0.625,1,1,0.625,1.6,0.625,2.56,1,1.6,1,0.625,1.6,1.6,1,1,1,1.6,0.625,1.6,0.625,1.6,1,0.625,1,1,1,0.625,1,0.625,1.6,1,1,1,1,1.6,1.6,0.625,1,1,0.625,1,2.56,2.56,1.6,1,1,1,0.625,0.625,0.625,1.6,1.6,1,0.625,1,0.625,1.6,0.625,1.6,1.6,1,1,1.6,0.625,0.625,1,0.625,1,0.625,0.625,1,1,1.6,1,0.625,1,1.6,1.6,0.625,1.6,1.6,1,0.625,1,1,1.6,1,1,1,1,1.6,0.625,1,1,0.625,1,2.56,0.625,1.6,1,0.625,2.56,1.6,0.625,1.6,1.6,1.6,1.6,1,1,1,1.6,1.6,1.6,1.6,2.56,1.6,1.6,1.6,1,1,1.6,1.6,0.625,0.625,0.625,1.6,2.56,1,1.6,2.56,1.6,2.56,1,0.625,2.56,1,1,0.625,1.6,2.56
normal,GROund,1.6,0.625,1.6,1.6,1.6,1.6,1.6,1,1,2.56,1.6,2.56,1,1.6,1.6,1,1.6,1.6,1.6,1.6,1,2.56,1.6,1,1,1,1.6,1.6,2.56,1.6,1,1,1,1.6,1.6,1.6,1,1,1.6,1.6,1,1.6,1.6,1.6,1.6,1,1,1.6,1,1,1,2.56,1.6,1,1,1,1,1.6,1,1.6,1.6,1,1.6,1.6,1,1,0.39,1,1,1,1,2.56,1.6,1,1.6,1.6,1,1,0.625,0.625,1.6,1,1,1.6,1,2.56,1,1.6,1,1,1,1,1,1,1.6,0.625,1,1.6,1,1,1,1,1,1,1,1,1,1.6,1,1,1.6,1,1,1,1,1,1,1,1,1,1,1,2.56,1.6,1,1,1,1,1.6,1,1,1.6,2.56,1,1,1,1,1.6,1,1,1,1,1,2.56,1.6,1.6,1.6,1,1.6,1,1,1,1,1,1,1,1,1.6,1,1.6,1,1,1,1,1,1.6,1,1,1,1,1.6
WATer,PSYchic,1,1,1,0.625,0.625,1,1,1,1,1,1,1,0.625,1.6,1,1,1,1,1,1,1,1.6,1.6,1,1,1,1.6,1.6,1.6,1.6,1,1,1,1.6,1,1.6,1,1,1,1,1,1.6,1.6,1.6,2.56,1,1.6,1.6,1,1,1,1.6,1.6,1.6,1,1,1.6,1.6,1.6,1,1,1,1,1.6,1,1.6,1,1.6,1,1,1,1.6,1,0.625,1.6,1,1,1,1,1,1.6,1,1,1,1,1.6,1.6,1.6,1.6,1.6,1,1,1,1.6,2.56,1.6,1,1,1.6,1.6,1,1.6,1.6,1,1,1.6,0.625,1.6,1,1.6,1.6,1.6,1.6,1,1,1,1,1.6,1,1,0.625,1,1.6,1.6,1,1,1,1,1,1.6,0.625,1,1.6,1.6,1.6,1,1.6,1.6,1,1,1,1,1,2.56,1,1.6,1.6,1,1.6,1,1,1.6,1,1,1,1,0.625,1.6,1.6,1.6,1,1.6,1,1,0.625,2.56,1,1,1,1,1.6
WATer,DARk,1,1,1.6,1,1,1,1,1,1.6,1,1,1,1,1.6,1,1,1.6,1,1.6,1,1,1.6,1,1.6,0.625,1,1,1.6,1,1.6,0.625,1,1.6,1,1,1,1,1,1,1,1.6,1.6,1.6,1.6,2.56,1,1.6,1.6,1,1,1,1.6,1,1.6,1,1,1.6,1.6,1,1,1,1,1,1,1,1.6,1.6,1,1,1,1,1.6,1,0.625,1.6,1,1.6,1,1.6,1.6,1.6,1,1,1.6,1,1.6,0.625,1.6,1.6,1.6,1,1,1,1.6,1,1.6,1,1.6,1,1,1.6,1.6,1,1,1,1,1.6,1.6,1,1.6,1.6,1,1,1,1,1,1,1.6,1,1.6,0.625,0.625,1.6,1,1,2.56,1,1.6,1,0.625,1.6,1,1.6,1,1.6,1,1.6,1.6,1,1,1,1,1,2.56,1,1.6,1.6,1,1.6,1,1,1.6,1,1.6,1,1,0.625,1.6,0.625,1.6,1,1,1,1.6,1.6,2.56,1,1,1,1,1.6
ELEctric,FAIry,1,1.6,1,1,1.6,1,1,1,1,0.625,1,1,0.625,0.625,1,1.6,1,1,1,1,1,1,1.6,1.6,1.6,1,1,1,0.625,1,1.6,1,1,1,1,1,1,1,1,1,1.6,1,1,1,0.625,2.56,1,1,1.6,1,1.6,0.625,1,1,1.6,1.6,1.6,0.625,1.6,1.6,1.6,1.6,1,1.6,1,1,1.6,1.6,1.6,1.6,1.6,1,1,1.6,1,1.6,1,1.6,1,1,1,1.6,0.625,1,1.6,1,1.6,1,1,1,1,1,1.6,1,1,1.6,1,1,0.625,1,1,1,1.6,1,1,1.6,1.6,1,1.6,1.6,1,1.6,1.6,1.6,1,2.56,1.6,1,1.6,1,2.56,1,1,1,1.6,1,1.6,1.6,1,2.56,1.6,1.6,1,1.6,1,1,1.6,1,1,1.6,1,1.6,1,1,1.6,1,1,1.6,1.6,1,1.6,1,1,1,1.6,1,1.6,1.6,1.6,1,1,1.6,1.6,1,1,1,1.6,1,1,1,1
ELEctric,FLYing,1,1.6,1,0.625,1.6,1,1,1,1,0.625,1,1,1,0.625,1,1,1,1,0.625,0.625,1,1,1.6,1.6,1.6,1,1,1,0.625,1,1,1,1,1,1,1,1,1,0.625,0.625,1,1,1,1,1,2.56,1,1,1.6,1,1.6,0.625,1,1,1.6,1,1.6,1,1.6,0.625,1.6,1.6,1,1,1,1,1.6,1.6,1.6,1.6,1,1,1,1.6,1.6,0.625,1,1.6,1.6,1.6,0.625,1,1.6,1,1,1,1.6,1,1,1,1.6,1,1,1.6,1.6,1.6,1.6,0.625,1.6,1.6,1,1.6,1.6,1.6,1.6,1.6,1.6,1,1,1,1,1.6,1.6,1.6,1,1.6,1,1,1.6,1,1,1.6,1,1,1.6,1,1,1.6,0.625,1.6,1,1.6,0.625,2.56,1,1.6,1.6,1,1.6,1,1,1.6,1,1,0.625,1,1,1,1,1.6,1.6,1,1,1.6,1.6,1.6,1.6,1,2.56,1,1,1.6,1,1,1.6,0.625,1.6,1.6,2.56,1.6,1
GROund,,1.6,0.39,1.6,1.6,1.6,1.6,1.6,1,1,2.56,1.6,2.56,1,1.6,1.6,1,1.6,1.6,1.6,1.6,0.39,2.56,1.6,1,1,1,1.6,1.6,2.56,1.6,1,1,1,1.6,1.6,1.6,1,1,1.6,1.6,1,1.6,1.6,1.6,1.6,0.39,1,1.6,1,1,1,2.56,1.6,0.39,0.39,1,0.39,1.6,0.39,1.6,1.6,0.625,1.6,1.6,1,1,0.39,1,0.39,0.39,1,2.56,1.6,1,1.6,1.6,1,0.39,0.625,0.625,1.6,1,1,1.6,1,2.56,1,1.6,1,1,0.625,1,1,1,1.6,0.39,0.625,1.6,1,1,1,0.625,1,0.625,0.625,1,1,1.6,0.39,1,1.6,1,0.39,0.625,1,1,1,1,1,1,1,0.625,2.56,1.6,0.625,1,1,0.39,1.6,1,1,1.6,2.56,0.625,1,0.625,1,1.6,0.625,1,1,1,1,2.56,1.6,1.6,1.6,1,1.6,0.625,0.39,1,1,0.625,0.39,0.39,0.625,1.6,0.625,1.6,1,1,1,1,0.625,1.6,0.625,0.625,0.625,0.625,1.6
GHOst,STEel,1,1,1.6,1,1,1,0.625,1,1,1,0.625,1,1,1,1,1,1.6,1,1.6,1,1,1,1,1.6,1,1.6,1,1.6,1,1,1.6,1.6,1.6,1.6,1,1,1,1.6,0.625,1,1.6,0.625,0.625,1,1,1,1.6,1.6,0.625,1,1,1,1,1,1,1.6,1,1,1,0.625,1,1,1,1,1,1.6,1.6,1.6,1,1,1,1,1,0.625,1,1,1,1.6,1.6,1.6,1,1,1,1.6,1,1,1,1.6,1,1,1,1.6,1,1,1,1.6,1.6,1.6,1,1,1.6,1,1,1,1,1,1.6,2.56,1,1,1.6,1.6,1,1,1,1,1,1.6,1.6,1.6,1,1.6,1.6,1.6,1,2.56,1,1.6,1,1,1.6,1,1,1,1.6,1,1,1.6,1,1,2.56,1,1.6,1,1.6,1.6,1,1.6,1.6,1,1.6,1.6,1.6,1.6,1,1,1,1.6,1,1.6,1.6,1.6,1.6,1.6,1.6,1.6,1,1.6,1,1.6,2.56
DARk,STEel,1,1,1.6,1,1,1,1,1,1.6,1,0.625,1,1,1,0.625,1,1.6,1,1.6,1,1,1,1,1.6,1,1.6,1,1.6,1,1,1.6,1.6,1.6,1.6,1,1,1,1.6,1,1,1.6,0.625,1,1,1,1,1.6,1.6,1,1,1,1,1,1,1,1.6,1,1,1,0.625,1,1,1,0.625,1,1.6,1.6,1,1,1,1,1,1,0.625,0.625,1,1.6,1.6,1.6,1.6,1,1,1,1.6,1,1,0.625,1.6,1,1,1,1.6,1,1,1,1.6,1.6,1.6,1,1,1.6,1,1,1,1,1,1.6,2.56,1,1,1.6,1.6,1,1,1,1,1,1.6,1,1.6,1,1.6,1.6,1.6,1,2.56,1,1.6,1,1,1.6,1,1,1,1.6,1,1,1.6,1,1,2.56,1,1.6,1,1.6,1.6,1,1.6,1.6,1,1.6,1.6,1.6,1.6,1,1,1,1.6,1,1.6,1.6,1.6,1.6,1.6,1.6,1.6,1,1.6,1,1.6,2.56
ELEctric,STEel,1,1.6,1,0.625,1.6,1,1,1,1,0.625,1,1,0.625,0.625,1,1,1,1,0.625,1,1,1,1.6,1.6,1.6,1.6,1,1,0.625,1,1.6,1.6,1,1.6,1,1,0.625,1.6,0.625,0.625,1,1,1,1,0.625,2.56,1.6,1,1.6,0.625,1.6,0.625,1,1,1.6,1.6,1.6,1,1.6,0.625,1.6,1.6,0.625,0.625,1,1,1.6,1,1.6,1.6,1,1,1,1.6,1,0.625,1,1.6,1,1,0.625,1,0.625,1,1,1,1.6,1,1,1,1,1.6,1,1,1,1.6,1.6,0.625,1,1,1.6,1,1,1,1,1,1.6,2.56,1,1,1.6,1.6,1.6,1,0.625,1,1,1.6,1,1,1,1.6,1.6,1.6,1,1,1,1.6,1,1,1,1.6,1,1,1,1,1,1.6,1,1,2.56,1.6,1.6,1,1.6,1.6,1,1.6,1.6,1,1.6,1.6,1.6,1,1.6,1,1,1.6,1,1.6,1.6,1.6,1.6,1.6,1,1.6,1,1.6,1,1.6,2.56
FIRe,POIson,1.6,1.6,1.6,1,1,1.6,1.6,2.56,1,1.6,1.6,1.6,2.56,1.6,1.6,1,1.6,1,1,1.6,1,1,0.625,0.625,1.6,1,1,0.625,1,1.6,1.6,1.6,1,1,1,1,0.625,1.6,1,1,0.625,1,1,1,0.625,1,1,1,1,1.6,1,1,0.625,1,1,1.6,1,1,1,1,1,1,1,1,1,1,1,1,1,1,1,1,2.56,1,1,1,1,1.6,1.6,1.6,1,1,1.6,1,1,0.625,1,1,1,1,1.6,1.6,1,1,1,0.625,1.6,1,1.6,1.6,1.6,1.6,1,1.6,1.6,1,1,1,1,1,0.625,1.6,1,1.6,1.6,1,0.625,1,1,1,1,2.56,0.625,1.6,1,1,1,1,1.6,1,1,0.625,0.625,1.6,1,1.6,1,0.625,1.6,1,1.6,1,1,0.625,0.625,0.625,1,1,0.625,1.6,1.6,1.6,1.6,1.6,1.6,1.6,1.6,0.625,1.6,0.625,1.6,1.6,1.6,1.6,1.6,0.625,1.6,2.56,2.56,2.56,1
ICE,POIson,0.625,1,0.625,1,0.625,0.625,0.625,0.625,1,0.625,0.625,0.625,1,1,0.625,1,0.625,1,1,1.6,1.6,0.625,0.625,0.625,1.6,1,1,0.625,1,1.6,1.6,1.6,1,1,1,1,1,1.6,1,1,1.6,1,1,1,1,1,1.6,1,1,1,1,1,1.6,2.56,1.6,1.6,1,1.6,1.6,1,1,1,1,1,1,1.6,1.6,1,1.6,1.6,1,0.625,0.625,1,1,1.6,1,1.6,1,1.6,1.6,1.6,1.6,1,1.6,0.625,1,1,1.6,1.6,1,1.6,1,1,1,1.6,1.6,1,1.6,1,0.625,1.6,1,1.6,1,1,1,1,2.56,1.6,1,1.6,1.6,1,1.6,1,2.56,1,1,1,1.6,2.56,1,0.625,1.6,1,1,1.6,1,1.6,1.6,0.625,1,1,1.6,1.6,1.6,1,1.6,1,1.6,1,1.6,0.625,1.6,1,1,1,1,2.56,1,1,1,1,1.6,2.56,1.6,1,1.6,1,1,1,1,1,1.6,1.6,2.56,1,1.6,1.6,0.625
BUG,STEel,1,0.625,0.625,0.625,0.625,0.625,0.625,0.625,1,0.625,1,0.625,1,0.625,0.625,1,1,1,0.625,1,0.625,0.625,0.625,0.625,1,1.6,1,0.625,0.625,1,1.6,1.6,1,1.6,1,1,1,1.6,1,1,1,1,0.625,0.625,0.625,0.625,1.6,1,1,1,1,0.625,1,1,1,1.6,0.625,1,1,1.6,0.625,1,0.625,0.625,1,1,1,1,1,1,1,1,1,1.6,0.625,1,1.6,1.6,1,1,1,1,1,1,1,0.625,0.625,1,1,1,1,1.6,1.6,0.625,1,1.6,1.6,1.6,1,1,1.6,1,1,1.6,1,1,1.6,2.56,1,1.6,1.6,1.6,1,1.6,1.6,1,1,1.6,1,1.6,1.6,1.6,1.6,1.6,1,1,1.6,1,1,1,1.6,1,1,1,1.6,1.6,1,1.6,1.6,2.56,2.56,1,1.6,1,1.6,1.6,1,1.6,1.6,1.6,1.6,1.6,1.6,1.6,1,1,2.56,1.6,1,1.6,1.6,1.6,1.6,1.6,2.56,1.6,1.6,1.6,1.6,1.6,2.56
WATer,DRAgon,1,1,1,1,0.625,1,1,1,1,1,1,1,0.625,1.6,1,1,1,1,1,1,1,1.6,1,1,0.625,1,1,1.6,1,1.6,0.625,1,1,1,1,1,1,1,1,1,1.6,1.6,1.6,1.6,2.56,1,1.6,1,1,1,1,1.6,1.6,1.6,1,1,1.6,1.6,1,1,1,1,1.6,1,1,1.6,1,1,1,1,1.6,1.6,1,1,1.6,1.6,1,1,1,1,1.6,1.6,1,1,1.6,1.6,1,1.6,1.6,1.6,1,1,1,1.6,1,1.6,1,1,1,1,1,1.6,1,1,1,1,1,1.6,1.6,1.6,1.6,1,1,1,1,1,1.6,1.6,1,1,1.6,0.625,1.6,1,1.6,1,1,1,1,1.6,1.6,1,1.6,1,1.6,1,1.6,1.6,1,1,1,1,1,2.56,1.6,1.6,1.6,1.6,1.6,1,1,1.6,1,1,1,1,1,1.6,1,1.6,1,1,1,1,1,2.56,1.6,1,1,1,1.6
PSYchic,STEel,1,0.625,0.625,0.625,0.625,0.625,0.625,0.625,1,0.625,0.625,1,0.625,0.625,1,1,0.625,1,1,1,1,0.625,1.6,1,1,1.6,1.6,1,1.6,1,1.6,1.6,1,1.6,1,1.6,1,1.6,1,1,1,0.625,1,1,1,1,1.6,1.6,1,1,1,1,1.6,1,1,1.6,1,1.6,1.6,0.625,1,1,1,1.6,1,1,1,1.6,1,1,1,1,1,0.625,1.6,1,1,1.6,1,1,1,1,1,1,1,1.6,1.6,0.625,1,1,1,1.6,1,1,2.56,1.6,1.6,0.625,1.6,1.6,1.6,1,1.6,1,1,1.6,0.625,2.56,1,1,1.6,1.6,1.6,1,1,1,1,1.6,1,1,1,1.6,1.6,1.6,1,1,1,1,1,1.6,1,1,1,1.6,1,1,1.6,1.6,1,1,2.56,1,1.6,1,1.6,1.6,1,1.6,1.6,1,1.6,1.6,1.6,1,1,1,1,1.6,1.6,1.6,1.6,1.6,1.6,1.6,1,1.6,1,1.6,1,1.6,2.56
FLYing,BUG,0.625,0.625,0.625,0.625,0.625,0.625,0.625,1,1,0.625,1,0.625,1,0.625,1,1,1,1,0.625,0.625,0.625,0.625,1,1,1,1,1,1,0.625,1,1,1,1,1,1,1,1,1,1,1,1,1,1,1,1,1,1,1,1,1,1,0.625,1,1,1,1,1,1,1,1.6,1,1.6,1,1,1,1,1,1.6,1,1,1,0.625,0.625,1.6,1.6,1,1.6,1,1.6,1.6,1,1,1.6,1,1,1,1.6,1,1,1,1.6,1,1.6,1.6,1.6,0.625,1.6,1.6,1.6,1.6,1,1.6,1.6,1.6,1.6,1.6,1.6,0.625,1,1.6,0.625,1.6,1.6,1.6,1.6,1.6,1,1,1.6,1.6,1.6,1.6,0.625,1,1.6,1,1.6,1,1,1.6,1.6,1,1,2.56,1.6,1.6,1.6,1,1.6,2.56,1,1,1.6,0.625,1,1,1,1,1,1.6,1,1,1,1.6,1.6,1.6,2.56,1.6,2.56,1.6,1,1.6,1.6,1.6,2.56,1,1.6,1.6,2.56,1.6,1
POIson,FAIry,0.625,0.625,0.625,1,0.625,0.625,0.625,0.625,1,0.625,1,0.625,0.625,0.625,1,1.6,0.625,1,1,1.6,1,0.625,0.625,1,1.6,1,0.625,0.625,0.625,1.6,1.6,1.6,1,1,1,0.625,1,1.6,1,1,1.6,1,1,1,0.625,1,1,0.625,1,1,1,1,1,1,1,1.6,1,0.625,0.625,1.6,1,1,1,1.6,1,1,1,1.6,1.6,1,1.6,0.625,0.625,1.6,1,1.6,1,1.6,1,1,1,1.6,1.6,0.625,1.6,0.625,1.6,1,1,1,1,1.6,1.6,1,1,1,1.6,1,1,0.625,1,1,1.6,1.6,1,1.6,1,1,1.6,1.6,1,1.6,1.6,1.6,1.6,2.56,1.6,1,1.6,1,2.56,2.56,0.625,0.625,1.6,1,1.6,1,1,2.56,1.6,1,1,1.6,1,1.6,1.6,1,1.6,1.6,1.6,1,1,0.625,1.6,1,1,1.6,1.6,1,1,1,1,1,1,1.6,1.6,1.6,1.6,1,1,1.6,1.6,1,1.6,1,1.6,1,1.6,1.6,1
PSYchic,BUG,0.625,0.625,0.625,0.625,0.625,0.625,0.625,0.625,1,0.625,1,1,1,0.625,1,1,1,1,1,1,1,0.625,1.6,1,1,1,1.6,1,1.6,1,1,1,1,1.6,1,1.6,1,1,1,1,1,1,1,1,1,1,1,1.6,1,1,1,1,1.6,1,1,1,1,1.6,1.6,1.6,1,1,1,1.6,1,1,1,1.6,1,1,1,0.625,0.625,1.6,1.6,1,1.6,1,1,1,1,1,1,1,1,1.6,1.6,1,1,1,1,1,1.6,1,2.56,1,1,1.6,1.6,1.6,1,1,1.6,1.6,1,1.6,1.6,1,1,1.6,1,1.6,1.6,1.6,1.6,1,1,1,1,1.6,1.6,1,1.6,1.6,1,1,1.6,1,1,1.6,1.6,1,1,1.6,1.6,1.6,1.6,1,1.6,2.56,1,1,1.6,1,1,1,1,1,1.6,1.6,1,1,1,1.6,1,1,2.56,1.6,1.6,1.6,1,1.6,1.6,1.6,2.56,1,1.6,1,1.6,1.6,1
BUG,FAIry,0.625,0.625,0.625,1,0.625,0.625,0.625,0.625,1,0.625,1,0.625,1,0.625,1,1.6,1,1,1,1,1,0.625,0.625,1,1,1,0.625,0.625,0.625,0.625,1.6,1,1,0.625,1,0.625,1,1,1,1,1.6,1,0.625,0.625,0.625,1,1,0.625,1,1,1,0.625,1,1,1,1.6,0.625,0.625,0.625,1.6,0.625,1,1,1.6,1,1,1,1.6,1.6,1,1.6,0.625,0.625,1.6,1,1.6,1.6,1,1,1,1,1.6,1,1,1.6,0.625,1.6,1,1,1,1,1,1.6,0.625,1,1,1,1.6,1,0.625,1,1,1.6,1.6,1,1.6,1.6,1,1.6,1.6,1,1.6,1.6,1.6,1.6,2.56,1.6,1,1.6,1.6,2.56,1,0.625,0.625,1.6,1,1.6,1,1,2.56,1.6,1,1,1.6,1.6,1.6,1.6,1,1.6,2.56,1,1,1.6,0.625,1.6,1,0.625,1.6,1.6,1.6,1,1,1,1.6,1,1,2.56,1.6,1.6,1.6,1,1.6,1.6,1.6,2.56,1,1.6,1,1.6,1.6,1
ELEctric,DRAgon,1,1.6,1,1,1.6,1,1,1,1,0.625,1,1,0.625,0.625,1,1,1,1,1,0.625,1,1,1.6,1.6,1.6,1,1,1,1,1,0.625,1,1,1,1,1,1,1,1,1,1.6,1,1,1,1,2.56,0.39,1,1.6,1,1.6,1,1.6,1,1.6,1,1.6,1,1.6,1,1.6,1.6,1.6,1,1,1,1.6,1,1.6,1.6,1.6,1,1,1.6,1,1.6,1,1.6,1,1,1,1.6,1,1,1.6,1,1.6,1,1,1,1,1,1,1,1,1.6,1,1,1,1,1,1,1,1,1,1,1.6,1,1.6,1,1,1,1.6,1,1,1,1.6,1,1,1,1.6,0.625,1,1,1.6,1,1,1.6,1,1.6,1.6,1.6,1,1,1,1,1,1,1,1,1,1.6,1,1,1.6,1,1,1.6,1,1,1.6,1,1,1,1.6,1,1,1,1,1,1,1,1,1,1,1,1.6,1,1,1,1
PSYchic,FAIry,0.625,0.625,0.625,1,0.625,0.625,0.625,0.625,1,0.625,1,1,0.625,0.625,1,1.6,0.625,1,1,1,1,0.625,1.6,1,1,1,1.6,1,1.6,1,1.6,1,1,1.6,1,1.6,1,1,1,1,1.6,1,1,1,1,1,1,1.6,1,1,1,1,1.6,1,1,1.6,1,1.6,1.6,1.6,1,1,1,1.6,1,1,1,1.6,1.6,1,1.6,0.625,0.625,1.6,1.6,1.6,1,1,1,1,1,1.6,1,1,1.6,1.6,1.6,0.625,1,1,1,1,1.6,1,2.56,1,1,1,1.6,1.6,1,1,1.6,1,1,1.6,1,1,1.6,1.6,1,1.6,1.6,1.6,1,2.56,1.6,1,1.6,1,2.56,1,1.6,1.6,1.6,1,1.6,1,1,2.56,1.6,1,1,1.6,1,1,1.6,1,1,1.6,1,1,1,1,1.6,1,1,1.6,1.6,1,1,1,1,1,1,1,1.6,1.6,1.6,1,1,1.6,1.6,1,1,1,1.6,1,1,1,1
PSYchic,GHOst,1,1,1.6,1,1,1,0.625,1,1,1,0.625,1,1,1,1,1,1.6,0.625,1.6,1,1,1,1.6,1.6,1,1.6,1.6,1.6,1.6,1,1,1,1.6,1.6,1,1.6,1,1,1,1,1.6,0.625,1,1,1,1,1,1.6,1,1,1,1,1.6,1,1,0.625,1,1.6,1.6,0.625,1,1,1,1.6,1,1.6,1.6,1.6,0.625,1,1,1,1,0.625,1.6,1,0.625,1,1.6,1.6,1,1,1,1.6,1,1.6,1.6,1.6,1,1,1,1.6,0.625,1,2.56,1,1,1.6,1.6,1.6,1.6,1,1.6,1,1,1.6,1.6,1,1,0.625,1.6,1.6,1.6,0.625,1,0.625,1,1,1.6,1.6,0.625,1,1.6,1.6,1,2.56,0.39,1.6,1,1.6,1.6,1,1,1.6,1.6,1,1.6,1,1,1,1,1,1,1,1,1,1,1,1.6,1,1,1,1,1.6,1,1,0.625,0.625,1.6,1.6,1,1.6,0.625,1.6,1.6,1,1,1,1,1,1
GRAss,STEel,1,0.625,0.625,0.625,1,0.625,0.625,0.625,1,0.625,0.625,0.625,0.625,1,0.625,1,0.625,1,1,1,0.625,0.625,1,1.6,1.6,1.6,1,0.625,0.625,1,1.6,1.6,1,1.6,1.6,1,2.56,1.6,1,1,1,0.625,0.625,0.625,1,1,1.6,1,1.6,0.625,1.6,0.625,1,1,1,1.6,0.625,1,1,1,1,1,0.625,1,1,1.6,1,1,1,1,1,1,1,1.6,0.625,0.625,1,1.6,1,1,1.6,1,0.625,1,1,0.625,1.6,0.625,1.6,1.6,1,1.6,1,0.625,1,1.6,1.6,1,1,1,1.6,1,1,1,1,1,1.6,2.56,1,1.6,1.6,1.6,1,1,0.625,1,1,1.6,1,1,1,1.6,1.6,1.6,1,1,1,1,1,1,1,2.56,1.6,1,1.6,1,1.6,1.6,1,1,2.56,1.6,1.6,1,1.6,1.6,1,1.6,1.6,1,1.6,1.6,1.6,1,1,1,1,1.6,1,1.6,1.6,1.6,1.6,1.6,1,2.56,1,1.6,1,1.6,2.56
PSYchic,DARk,0.625,1,1.6,1,1,1,1,1,1.6,1,0.625,1,1,1,1,1,1.6,0.625,1.6,1,1,1,1.6,1.6,1,1,1.6,1.6,1.6,1,1,1,1.6,1.6,1,1.6,1,1,1,1,1.6,0.625,1,1,1,1,1,1.6,1,1,1,1,1.6,1,1,0.625,1,1.6,1.6,0.625,1,1,1,1.6,1,1.6,1.6,1.6,0.625,1,1,1,1,0.625,1.6,1,1.6,1,1.6,1.6,1,1,1,1.6,1,1.6,1.6,1.6,1,1,1,1,0.625,1,2.56,1,1,1.6,1.6,1.6,1.6,1,1.6,1,1,1.6,1.6,1,1,0.625,1.6,1.6,1.6,0.625,1,0.625,1,1,1,1.6,0.625,1,1.6,1.6,1,2.56,0.625,1.6,1,1.6,1.6,1,1,1.6,1.6,1,1.6,1,1,1,1,1,1,1,1,1,1,1,1.6,1,1,1,1,1.6,1,1,0.625,0.625,1.6,1.6,1,1.6,0.625,1.6,1.6,1,1,1,1,1,1
FLYing,PSYchic,0.625,0.625,0.625,0.625,0.625,0.625,0.625,1,1,0.625,0.625,1,1,0.625,1,1,0.625,1,1,1,1,0.625,1.6,1,1,1,1.6,1,1.6,1,1,1,1,1.6,1,1.6,1,1,1,1,1,1,1,1,1,1,1,1.6,1,1,1,1,1.6,1,1,1,1,1.6,1.6,0.625,1,1.6,1,1.6,1,1,1,1.6,1,1,1,0.625,0.625,1,1.6,1,1,1,1.6,1.6,1,1,1.6,1,1,1.6,1.6,1,1,1,1.6,1,1,1.6,2.56,1,1.6,0.625,1.6,1.6,1,1.6,1.6,1.6,1.6,1.6,1,1,1,1,1,1.6,1.6,1.6,1,1.6,1,1,1.6,1,1,1.6,1.6,1.6,1.6,1,1,1,1,1.6,1,1,1,2.56,1,1.6,1.6,1,1.6,1,1,1,1,1,1,1,1,1,1.6,1.6,1,1,1,1.6,1.6,1.6,1.6,0.625,2.56,0.625,1,1.6,1,1,1.6,1,1.6,1.6,2.56,1.6,1
GRAss,PSYchic,0.625,0.625,0.625,0.625,1,0.625,0.625,0.625,1,0.625,0.625,1,0.625,1,1,1,0.625,0.625,1,1,1,0.625,1.6,1.6,1.6,1,1.6,1,1.6,1,1,1,1,1.6,1.6,1.6,2.56,1,1,1,1,0.625,1,1,1,1,1.6,1.6,1.6,1,1.6,1,1.6,1,1,1,1,1.6,1.6,1,1,1,1,1.6,1,1.6,1,1.6,0.625,1,1,1,0.625,1.6,1.6,1,1,1,1,1,1.6,1,1,1,1,1.6,1.6,0.625,1.6,1.6,1,1,1,1,2.56,1,1,1,1.6,1.6,1,1,1.6,1,1,1.6,1.6,1.6,1,1.6,1.6,1.6,1.6,0.625,1,1,1,1,1,1,0.625,1,1.6,1.6,1,1,1,0.625,1,1.6,0.625,2.56,1.6,1.6,1.6,1,1.6,1.6,1,1,1,1.6,1,1,1,1.6,1,1,1.6,1,1,1.6,1,0.625,1,1,0.625,1.6,1.6,1.6,1,1.6,1,1,0.625,2.56,1,1,1,1,1.6
GRAss,GHOst,1,1,1.6,1,1,1,0.625,1,1,1,0.625,1,1,1,1,1,1.6,0.625,1.6,1,1,1,1,1.6,1.6,1.6,0.625,1.6,1,1,1,1,1.6,1,1.6,1,2.56,1,1,1,1.6,0.625,0.625,1,1,1,1.6,1.6,1.6,1,1.6,1,1,1,0.625,1,1,1,1,1,1,1,1,1,1,1.6,1.6,1.6,0.625,1,1,1,1,1.6,1,1,1,1,1.6,1.6,1.6,0.625,1,1.6,1,1,1.6,1.6,1.6,1.6,0.625,1.6,1,1,1,1,1,1.6,1,1,1.6,1,1,1,1,1,1.6,1.6,1,1.6,1.6,1,1,0.625,1,1,1,1,1.6,1.6,0.625,1,1,1,1,2.56,1,1.6,1,1,1.6,2.56,1.6,1,1.6,0.625,1.6,1.6,1,1,1,1.6,1,1,1,1.6,1,1,1.6,1,1,1.6,1,1.6,1,1,0.625,1.6,1,1.6,1,1,1,1.6,1.6,2.56,1,1,1,1,1.6
FIGhting,DRAgon,1,1,0.625,1.6,1.6,1.6,2.56,1,1,1.6,2.56,1,1.6,1.6,1.6,1,1,1,1,0.625,1,1.6,1,1,0.625,0.39,1,1,1,0.625,0.625,1,1,0.625,1,1,1,0.625,1.6,1,1.6,1.6,1.6,1,1,1,0.625,1,1.6,1,1,1,1.6,1,1,1,1,1,1,1.6,1,1,1.6,1,1.6,1,1,1,1,1,1.6,2.56,2.56,1.6,1,1.6,1,0.625,1,1,1,1.6,1,1,1.6,1,1,1,1.6,1,1,0.625,1.6,1,1,1,0.625,1,1,1,1,1,1.6,1,1,1,1,1,1.6,1.6,1,0.625,1,1,1,1.6,1.6,1,1,1,1.6,0.625,1,1,1.6,1,2.56,1,1.6,1.6,1.6,1.6,1.6,1,1,1.6,1,1.6,1,1,1,1.6,1.6,1.6,1.6,2.56,1.6,1.6,1.6,1,1,1.6,1.6,1,1,1,1.6,2.56,1,1,2.56,1.6,2.56,1,1,1.6,1.6,1,1,1.6,2.56
ELEctric,BUG,1,1.6,1,0.625,1.6,1,1,1,1,0.625,1,1,1,0.625,1,1,1,1,0.625,0.625,1,1,1.6,1.6,1.6,1,1,1,0.625,1,0.625,1,1,1,1,1,1,1,1,1,0.625,1,1,1,0.625,2.56,0.625,1,1.6,1,1.6,0.625,0.625,0.625,1.6,1,1.6,0.625,1.6,1.6,1.6,1.6,0.625,0.625,1,0.625,1.6,1,1.6,1.6,1,1,1,1.6,1,1,1.6,1.6,1,1,1,1,1,1,1,1,1.6,1,1,1,1,1,1.6,1,1,1.6,1,1.6,1,1,1,1,1,1.6,1,1,1.6,1,1,1.6,1,1,1.6,1.6,1.6,1,1,1,1,1.6,1.6,1,1,1,1,1,1.6,1.6,1,0.625,1.6,1.6,1,1,1.6,1.6,0.625,1,1.6,2.56,1,1.6,1.6,1,1,1,1,1,1,1.6,1.6,1,1,1.6,1.6,1,2.56,1.6,1,1.6,1,1,1.6,1.6,2.56,1,1.6,1,1.6,1.6,1
ELEctric,GHOst,1,1.6,1.6,1,1.6,1,1,1,1,1,1,1,1,1,1,1,1.6,1,1.6,1,1,1,1.6,1.6,1.6,1.6,1,1.6,1,1,1,1,1.6,1,1,1,1,1,0.625,1,1.6,1,1,1,1,2.56,1,1.6,1.6,1,1.6,1,1,1,1.6,1,1.6,1,1.6,0.625,1.6,1.6,1,1,1,1.6,1.6,1.6,1.6,1.6,1,1,1,1.6,1,1,1,1.6,1.6,1.6,1,0.625,1,1.6,1,1,1.6,1.6,0.39,1,1,1.6,1,1,1,1.6,1,1.6,1,1,1.6,1,1,1,1,1,1.6,1,1,0.625,1.6,1,1.6,1,1,1,1,1,1.6,1.6,0.625,1,1,1,1,2.56,1,1.6,1,1,1.6,1.6,1,1,1.6,0.625,1,1,1,1,1,1.6,1,1,1,1,1,1,1,1,1.6,1,1,1.6,1.6,1,0.625,1,1,1.6,1,1,1,1.6,1.6,1,1,1,1,1,1
POIson,GHOst,1,1,1.6,1,1,1,0.39,1,0.625,1,0.625,1,1,1,1,1,1.6,0.625,1.6,1.6,1,1,1,1.6,1.6,1.6,0.625,1.6,1,1.6,1.6,1.6,1.6,1,1,1,1,1.6,1,1,1.6,1,1,1,1,1,1,1.6,1,1,1,1,1,1,1,1.6,1,1,1,1,1,1,1,1,1,1.6,1.6,1.6,1,1,1,1,1,1,1,1,1,1.6,1.6,1.6,1,1,1.6,1.6,1,1,1,1.6,0.625,1,1,1.6,1,1,1,1,1.6,1.6,1,1,1.6,1,1,1.6,1,1,1.6,1,1,0.625,1.6,1.6,1,1,1.6,1,1,1,1.6,1.6,1,2.56,1,1,1,2.56,1,1.6,1,1,1.6,1,1,1,1.6,1.6,1,1,1.6,1,1.6,1,1,1,1,0.625,1,1,1,1,1,1,1,1.6,1,1.6,1.6,0.625,1.6,1.6,1,1,1,1.6,1.6,1,1.6,1,1.6,1.6,1
normal,ROCk,0.625,1,0.625,0.625,0.625,0.625,0.625,1,1,0.625,0.625,0.625,0.625,0.625,0.625,1,0.625,1,1,1,1.6,1,1,1,1,1,1,1.6,1,1.6,1,1,1,1,1,1,1,1,1,1,1,1.6,1.6,1.6,1,1.6,1,1,1,1.6,1,1.6,1,1,1.6,1,2.56,1,1.6,1,1.6,1.6,1.6,1,1,0.625,1.6,0.625,1.6,1.6,1,0.625,1,1,1,1,1,1.6,1.6,1,1,1,1.6,1,1,1.6,1,1.6,1,1,1.6,1,1,2.56,1,1.6,1.6,1,1,1.6,1.6,1,1,1,1.6,1,1,1,1.6,1,1,1,1,1.6,1,1,1,1.6,1,1,1,1,1,1.6,1.6,1,1,1.6,1.6,1,1,1,1,1,1,1,1,1,1,1,1.6,1.6,1,1.6,1,1,2.56,1.6,0.625,1,2.56,1,1.6,1.6,2.56,1.6,1,1,1,1,1.6,1,1.6,1.6,1,0.625,1,2.56,1.6,1.6,1.6
GRAss,POIson,0.625,0.625,0.625,0.625,1,0.625,0.625,0.625,1,0.625,0.625,0.625,0.625,1,0.625,1,0.625,0.625,1,1.6,1,0.625,1,1.6,1.6,1,0.625,0.625,0.625,1.6,1.6,1.6,1,1,1.6,0.625,2.56,1.6,1,1,0.625,1,1,1,1,1,1.6,0.625,1.6,1,1.6,1,0.625,1,1,1.6,1,1,0.625,1,1,1,1,1,1,1.6,0.625,1,1,1,1,1,0.625,1.6,1,1,1,1.6,0.625,1,1.6,1,1.6,0.625,1,0.625,1.6,1,1.6,1.6,1,1.6,1,1,0.625,1,1.6,1,1,0.625,1,1,1,1.6,1,1,1.6,1.6,1,1.6,1.6,1.6,1,1,1.6,1,1,1,1,1,1,2.56,1,0.625,1,1,1,1,1,1,1,2.56,1.6,1,1.6,1.6,1.6,1.6,1.6,1,1.6,1.6,1,1,1,1.6,1,1,1.6,1,1,1.6,1,1,1,1.6,1.6,1.6,1.6,1.6,1,1,1,1,1.6,2.56,1.6,1,1.6,1.6,1.6
ROCk,,0.625,1,0.625,0.625,0.625,0.625,0.625,1,1,0.625,0.625,0.625,0.625,0.625,0.625,1,0.625,1,1,1,1.6,1,1,1,1,1,1,1.6,1,1.6,1,1,1,1,1,1,0.625,1,1,1,1,1.6,1.6,1.6,1,1.6,0.625,1,1,1.6,1,1.6,1,1,1.6,1,2.56,0.625,1.6,1,1.6,1.6,1.6,0.625,1,0.625,1.6,0.625,1.6,1.6,1,0.625,1,1,1,1,1,1.6,1.6,1,0.625,1,1.6,1,1,1.6,0.625,1.6,0.625,0.625,1.6,1,1,2.56,0.625,1.6,1.6,1,1,1.6,1.6,1,0.625,1,1.6,0.625,1,1,1.6,0.625,1,0.625,1,1.6,1,0.625,0.625,1.6,0.625,1,1,1,1,1.6,1.6,1,1,1.6,1.6,0.625,1,1,1,1,0.625,1,0.625,1,1,1,1.6,1.6,1,1.6,1,1,2.56,1.6,0.625,0.625,2.56,1,1.6,1.6,2.56,1.6,1,1,0.625,1,1.6,1,1.6,1.6,1,0.625,1,2.56,1.6,1.6,1.6
GRAss,BUG,0.625,0.625,0.625,0.625,1,0.625,0.625,0.625,1,0.625,1,0.625,1,1,0.625,1,1,1,1,1,0.625,0.625,1,1.6,1.6,1,0.625,0.625,0.625,0.625,0.625,1,1,0.625,1.6,0.625,2.56,1,1,1,0.625,1,0.625,0.625,1,1,1.6,0.625,1.6,1,1.6,0.625,0.625,1,0.625,1,0.625,1,0.625,1.6,1,1,0.625,1,1,1.6,0.625,1,1,0.625,1,1,0.625,1.6,0.625,1,1.6,0.625,0.625,1,1.6,1,1,1,1,0.625,1.6,1,1.6,1.6,1,1,1.6,0.625,0.625,1,0.625,1.6,1,0.625,1,1,1,1.6,1,1,1.6,1.6,0.625,1.6,1.6,1,0.625,1.6,1.6,1,1,1,1,1.6,1.6,1,1,0.625,1,1,1.6,1,1,0.625,1.6,2.56,1.6,0.625,1.6,1.6,1.6,1.6,1.6,2.56,1,1.6,1.6,1,1,1.6,0.625,1,1.6,1.6,0.625,1.6,1,1.6,0.625,1,2.56,1.6,1,1.6,1,1,1.6,1.6,2.56,2.56,1.6,1,1.6,1.6,1.6
POIson,DARk,0.625,1,1.6,1,1,1,1,1,1.6,1,0.625,1,1,1,0.625,1,1.6,0.625,1.6,1.6,1,1,1,1.6,1.6,1,1,1.6,1,1.6,1.6,1.6,1.6,1,1,1,1,1.6,1,1,1.6,1,1,1,1,1,1,1.6,1,1,1,1,1,1,1,1.6,1,1,1,1,1,1,1,1,1,1.6,1.6,1,1,1,1,1,1,1,1,1,1.6,1.6,1.6,1.6,1,1,1.6,1.6,1,1,1,1.6,1,1,1,1.6,1,1,0.625,1,1.6,1.6,1,1,1.6,1,1,1.6,1,1,1.6,1,1,0.625,1.6,1.6,1,1,1.6,1,1,1,1,1.6,1,2.56,1,1,1,2.56,1,1.6,1,1,1.6,1,1,1,1.6,1.6,0.625,1,1.6,1,1.6,1,1,1,1,1,1,1,0.625,1,1,1,1,1.6,1,1.6,1.6,0.625,1.6,1.6,1,1,1,1.6,1.6,1,1.6,1,1.6,1.6,1
DRAgon,STEel,1,0.625,0.625,1,0.625,0.625,0.625,0.625,1,0.625,0.625,0.625,0.625,0.625,0.625,1,0.625,1,1,1,1,0.625,1,1,1,1.6,1,1,1,1,1.6,1.6,1,1.6,1,1,1,1.6,1,1,1.6,1,1,1,1,1,1.6,1,1,1,1,1,1.6,1,1,1.6,1,1,1,1,1,1,1.6,1,1,1,1,1,1,1,1.6,1,1,1,1,1.6,1,1.6,1,1,1,1.6,1,1,1.6,1,1,1,1,1,1,1.6,1,1,1,1.6,1.6,1,1,1,1.6,1,1,1,1,1,1,2.56,1.6,1,1.6,1.6,1,1,1,1,1.6,1.6,1,1,1.6,1.6,1.6,1.6,1.6,1,1,1,1,1.6,1.6,1,1,1,1,1,1,1.6,1,1,2.56,1,1.6,1,1.6,1.6,1,1.6,1.6,1,1.6,1.6,1.6,1,1,1,1,1.6,1,1.6,1.6,1.6,1.6,1.6,1,1.6,1.6,1.6,1,1.6,2.56
ROCk,DRAgon,0.625,1,0.625,1,0.625,0.625,0.625,1,1,0.625,0.625,0.625,0.625,0.625,0.625,1,0.625,1,1,1,1.6,1,1,1,1,1,1,1.6,1,1.6,1,1,1,1,1,1,1,1,1,1,1.6,1.6,1.6,1.6,1,1.6,0.625,1,1,1.6,1,1.6,1.6,1,1.6,1,2.56,1,1.6,1,1.6,1.6,1.6,1,1,1,1.6,1,1.6,1.6,1.6,0.625,1,1,1,1.6,1,1.6,1.6,1,1,1.6,1.6,1,1.6,1.6,1,1.6,1,1,1.6,1,1,2.56,1,1.6,1.6,1,1,1.6,1.6,1,1,1,1.6,1,1,1,1.6,1,1,0.625,1,1.6,1,1,1.6,1.6,1,1,1.6,1,1,1.6,1.6,1,1,1.6,1.6,1.6,1.6,1,1,1,1,1,1,1,1,1,1.6,1.6,1,1.6,1.6,1,2.56,1.6,1,1,2.56,1,1.6,1.6,2.56,1.6,1,1,1,1,1.6,1,1.6,1.6,1,1,1.6,2.56,1.6,1.6,1.6
GRAss,DARk,0.625,1,1.6,1,1,1,1,1,1.6,1,0.625,1,1,1,0.625,1,1.6,0.625,1.6,1,1,1,1,1.6,1.6,1,1,1.6,1,0.625,0.625,1,1.6,0.625,1.6,1,2.56,1,1,1,1.6,0.625,1,1,1,1,1.6,1.6,1.6,1,1.6,1,1,1,1,1,1,1,1,1,1,1,1,1,1,1.6,1.6,1,0.625,1,1,1,1,1.6,0.625,1,1.6,0.625,1.6,1.6,1.6,1,1,1.6,1,1,1.6,1.6,1.6,1.6,1,1,1,1,0.625,1,0.625,1.6,1,1,1.6,1,1,1,1,1,1.6,1.6,1,1.6,1.6,1,0.625,0.625,1,1,1,1,1,1.6,0.625,0.625,1,1,1,2.56,1,1.6,1,0.625,1.6,2.56,1.6,0.625,1.6,1,1.6,1.6,1,1,1,1.6,1,1,1,1.6,1,1,1.6,1,1,1.6,1,1.6,1,1,0.625,1.6,0.625,1.6,1,1,1,1.6,1.6,2.56,1,1,1,1,1.6
POIson,STEel,1,0.625,0.625,0.625,0.625,0.625,0.625,0.625,1,0.625,0.625,0.625,0.625,0.625,0.625,1,0.625,1,0.625,1.6,1,0.625,0.625,0.625,1.6,1.6,1,0.625,0.625,1.6,1.6,1.6,1,1.6,1,1,0.625,1.6,1,1,1,1,1,1,0.625,1,1.6,1,1,1,1,1,1,1,1,1.6,1,1,1,1,1,1,1,1,1,1,1,1,1,1,1,1,1,1,1,1,1,1.6,1,1,0.625,1,1.6,1,1,0.625,1,1,1,1,1,1.6,1,1,1,1.6,1.6,1,1,1,1.6,1,1,1.6,1,1,1,2.56,1,1,1.6,1.6,1,1,1.6,1,1,1.6,1,1,1,2.56,1.6,1.6,1,1,1,1,1,1,1,1,1,1,1,1.6,1,1.6,1.6,1,2.56,1,1.6,1,1.6,1.6,1,1.6,1.6,1,1.6,1.6,1.6,1,1,1.6,1.6,1.6,1.6,1.6,1.6,1.6,1.6,1.6,1.6,1.6,1.6,1.6,1.6,1.6,2.56
WATer,GRAss,1,1,1,0.625,1,1,1,1,1,1,1,1,0.625,1.6,1,1,1,1,1,1,1,1.6,1,1.6,1.6,1,1,1.6,1,1.6,0.625,1,1,1,1.6,1,2.56,1,1,1,0.625,1.6,1.6,1.6,2.56,1,1.6,1,1.6,1,1.6,1.6,0.625,1.6,1,1,1.6,1.6,1,1,1,1,1,1,1,1.6,1,1,1,1,1,1.6,1,1.6,1.6,0.625,1,1,1,0.625,1.6,0.625,1,1,0.625,1.6,1.6,1.6,1.6,1.6,1,1,1,1.6,1,1.6,1,1,0.625,1,1,1.6,1,1,1,1,1.6,1.6,0.625,1.6,1.6,1,1,1,0.625,1,1,1.6,1,1,0.625,0.625,1.6,1,0.625,1,1,1,1,0.625,0.625,2.56,1.6,1,1.6,0.625,1.6,1.6,0.625,1,1,1.6,1,2.56,1,1.6,1.6,0.625,1.6,1,1,1.6,1,1,1,0.625,0.625,1.6,0.625,1.6,1,1,1,1,0.625,2.56,0.625,1,0.625,0.625,1.6
POIson,FLYing,0.625,0.625,0.625,0.625,0.625,0.625,0.625,1,1,0.625,0.625,0.625,1,0.625,1,1,0.625,1,0.625,1.6,1,0.625,1,1,1.6,1,1,1,0.625,1.6,1.6,1.6,1,1,1,1,1,1.6,1,1,1,1,1,1,1,1,1,1,1,1,1,1,1,1,1,1.6,1,1,1,1,1,1.6,1,1,1,1,1,1.6,1,1,1,0.625,0.625,1,1.6,1,1,1.6,1.6,1.6,0.625,1,1.6,1,1,1,1.6,1,1,1,1.6,1.6,1,1.6,1.6,0.625,1.6,1,1.6,1.6,1,1.6,1.6,1.6,1.6,1.6,1,1,1,1,0.625,1.6,1.6,1.6,1.6,1.6,1,1,1.6,1,1,2.56,0.625,1,1.6,1,1,1,1,1.6,1,0.625,0.625,2.56,1,1.6,1.6,0.625,1.6,1,1.6,1,1,0.625,0.625,0.625,1,1,1,1.6,1,1,1,1.6,1.6,1.6,1.6,0.625,2.56,0.625,1,1.6,1,1,1.6,0.625,1.6,1.6,2.56,1.6,0.625
BUG,GHOst,1,1,1.6,1,1,1,0.625,1,0.625,1,1,1,1,1,1,1,1.6,1,1.6,1,1,1,1,1.6,1,1.6,0.625,1.6,1,1,1,0.625,1.6,1,1,1,1,1,1,1,1.6,1,0.625,1,1,1,1,1.6,1,1,1,1,1,1,0.625,1,1,1,1,1.6,1,1,1,1,1,1.6,1.6,1.6,1,1,1,1,1,1.6,1,1,1.6,1,1.6,1.6,1,1,1,1.6,1,1,1,1.6,1,1,1,1.6,1.6,1,1,1,1,1.6,1,1,1.6,1,0.625,1.6,1,1,1.6,1,1,1.6,1.6,1,1,1.6,1.6,1,1,1,1.6,1.6,1.6,1,1,1,1,2.56,1.6,1.6,1,1,1.6,1,1,1,1.6,1.6,1,1,1.6,2.56,1,1,1.6,1,1,1,1,1,1,1.6,1,1,1,1.6,1,1,2.56,1.6,1,1.6,1,1,1.6,1.6,2.56,1,1.6,1,1.6,1.6,1
ELEctric,PSYchic,1,1.6,1,0.625,1.6,1,1,1,1,0.625,1,1,0.625,0.625,1,1,1,1,1,1,1,1,1.6,1.6,1.6,1,1.6,1,1.6,1,1,1,1,1.6,1,1.6,1,1,1,1,1,1,1,1,1,2.56,1,1.6,1.6,1,1.6,1,1.6,1,1.6,1,1.6,1.6,1.6,0.625,1.6,1.6,1,1.6,1,1,1.6,1.6,1.6,1.6,1,1,1,1.6,1.6,1,1,1.6,1,1,1,1,1,1,1,1.6,1.6,1,1,1,1,1,1,1,2.56,1.6,1,0.625,1.6,1.6,1,1,1.6,1,1,1.6,1.6,1,1,0.39,1,1.6,1.6,1,1,1,1,1,1,1,0.625,1,1.6,1.6,1,1,1,1.6,1,1.6,0.625,1.6,1,1.6,0.625,1,1.6,1,1,1,1,1.6,1,1,1,1,1,1,1.6,1,1.6,1,1,1,1.6,1,0.625,1,1.6,1,1,1.6,1,1,0.625,1,1,1,1,1,1
ELEctric,DARk,1,1.6,1.6,1,1.6,1,1,1,1.6,1,1,1,1,1,1,1,1.6,1,1.6,0.625,1,1,1.6,1.6,1.6,1,1,1.6,1,1,0.625,1,1.6,1,1,1,1,1,1,1,1.6,1,1,1,1,2.56,0.625,1.6,1.6,1,1.6,1,1,1,1.6,1,1.6,1,1.6,0.625,1.6,1.6,1,0.625,1,1.6,1.6,1,1.6,1.6,1,1,1,1.6,1,1,1.6,1.6,1.6,1.6,1,1,1,1.6,1,1,1.6,1.6,1,1,1,1,1,1,1,1.6,1,1.6,1,1,1.6,1,1,1,1,1,1.6,1,1,0.625,1.6,1,1.6,1,1,1,1,1,1,1.6,0.625,0.625,1,1,1,2.56,1,1.6,1,0.625,1.6,1.6,1,1,1.6,1,0.625,1,1,1,1,1.6,1,1,1,1,1,1,1,1,1.6,1,1,1.6,1.6,1,0.625,1,0.625,1.6,1,1,1,1.6,1.6,1,1,1,1,1,1
POIson,PSYchic,0.625,0.625,0.625,0.625,0.625,0.625,0.625,0.625,1,0.625,0.39,1,0.625,0.625,1,0.625,0.625,0.625,1,1.6,1,0.625,1.6,1,1.6,1,1.6,1,1.6,1.6,1.6,1.6,1,1.6,1,1.6,1,1.6,1,1,1,1,1,1,1,1,1,1.6,1,1,1,1,1.6,1,1,1.6,1,1.6,1.6,1,1,1,1,1.6,1,1,1,1.6,1,1,1,0.625,0.625,1,1.6,1,1,1.6,1,1,1,1,1.6,1,1,1.6,1.6,1,1,1,1,1.6,1,1,2.56,1,1.6,1,1.6,1.6,1,1,1.6,1.6,1,1.6,1,1,1,0.625,1,1.6,1.6,1,1.6,1,1,1,1,1,1,2.56,1.6,1.6,1,0.625,1,1,1,1.6,1,1,1,1.6,0.625,1.6,1.6,1,1.6,1,1.6,1,1,1,1,1,1,1,1.6,1,1,1,1,1,1,1.6,1.6,0.625,1.6,0.625,1,1.6,1,1,1.6,1,1.6,1,1.6,1.6,1
normal,FIRe,1.6,1.6,1.6,1,1,1.6,1.6,2.56,1,1.6,1.6,1.6,2.56,1.6,1.6,1,1.6,1,1,1,1,1,1,0.625,1,1,1,0.625,1,1,1,1,1,1,1,1,1,1,1,1,0.625,1,1,1,1,1,1,1,1,1.6,1,1,1,1,1,1,1,1,1,1,1,1,1,1,1,1,1,1,1,1,1,1,2.56,1,1,1,1,1,1.6,1.6,1,1,1,1,1,1,1,1,1,1,1.6,1,1,1,1,0.625,1.6,1,1.6,1.6,1.6,1.6,1,1,1.6,1,1,0.625,1,1,0.625,1,1,1.6,1.6,1,1,1,1,1,1,1.6,0.625,1.6,1,1,1,1,1.6,1,1,0.625,0.625,1.6,1,1.6,1,0.625,1.6,1,1.6,1,1,0.625,0.625,0.625,1,1,0.625,1.6,1.6,1.6,1.6,1.6,1.6,1.6,1.6,0.625,1.6,0.625,1.6,1.6,1.6,1.6,1.6,0.625,1,2.56,2.56,2.56,1
normal,FIGhting,1,1,0.39,1.6,1.6,1.6,2.56,1,0.39,1.6,2.56,1,1.6,1.6,1.6,0.39,1,1,0.39,1,1,1.6,1,0.39,1,0.39,1,0.39,1,1,1,1,0.39,1,1,1,1,1,1.6,1,0.39,1.6,1.6,1,1,1,1,0.39,1.6,1,1,1,1,1,1,1,1,1,1,1.6,1,1,1,1,1.6,0.39,0.39,0.39,1,1,1,2.56,2.56,1.6,1,1,1,1,0.39,0.39,1,1.6,1,1,1,1,1,1,1.6,1,1,1,1.6,1,1,1,1,1,1,1,0.39,1,1.6,1,1,1,1,1,1,1.6,0.39,1,1,1,1,1.6,1,1,1,1,1.6,1,1,1,1,0.39,2.56,1,1.6,1,1,1.6,1.6,1,1,1.6,1,1.6,1,1,1,1.6,1.6,1.6,1.6,2.56,1.6,1.6,1.6,1,1,1.6,1.6,1,1,1,1.6,2.56,1,1,2.56,1.6,2.56,1,1,1.6,1,1,1,1.6,2.56
normal,ICE,0.625,1,0.625,1,0.625,0.625,0.625,0.625,1,0.625,0.625,0.625,1,1,0.625,1,0.625,1,1,1,1.6,0.625,1,0.625,1,1,1,0.625,1,1,1.6,1,1,1,1,1,1,1,1,1,1.6,1,1,1,1,1,1.6,1,1,1,1,1,1.6,2.56,1.6,1,1,1.6,1.6,1,1,1,1,1,1,1.6,1.6,1,1.6,1.6,1,0.625,0.625,1,1,1.6,1,1.6,1,1.6,1.6,1.6,1,1,1.6,1,1,1,1.6,1.6,1,1,1,1,1,1.6,1,1,1.6,1,0.625,1.6,1,1,1,1,1,1,2.56,1.6,1,1,1.6,1,1.6,1,2.56,1,1,1,1.6,1.6,1,1,1.6,1,1,1.6,1,1.6,1.6,0.625,1,1,1.6,1.6,1.6,1,1.6,1,1,1,1.6,0.625,1.6,1,1,1,1,2.56,1,1,1,1,1.6,2.56,1.6,1,1.6,1,1,1,1,1,1.6,1.6,2.56,1,1.6,1,0.625
ELEctric,POIson,1,1.6,1,0.625,1.6,1,1,1,1,0.625,1,1,0.625,0.39,1,1,1,1,0.625,1.6,1,1,1.6,1.6,1.6,1,1,1,0.625,1.6,1.6,1.6,1,1,1,1,0.625,1.6,1,1,0.625,1,1,1,0.625,2.56,1,1,1.6,1,1.6,1,0.625,0.625,1.6,1.6,1.6,0.625,1.6,1,1.6,1.6,1,1,1,0.625,1.6,1,1.6,1.6,1,1,1,1.6,1,1,1,1.6,1,1,0.625,1,1.6,1,1,1,1.6,1,0.625,0.625,1,1.6,1,1,1,1.6,1.6,1,1,1,1,0.625,1,1.6,1,1,1.6,1,1,0.625,1,1.6,1.6,1,1.6,1,0.625,1,1,1,1,2.56,1,1,1,1,1,1.6,1,1,1,1.6,0.625,1,0.625,1.6,0.625,1,1.6,1,1.6,1.6,1,1,0.625,1,1,1,1,1,1.6,0.625,1,1,1.6,1.6,1.6,1,1.6,1,1,1,1,1,1.6,0.625,1.6,1,1.6,1.6,1
FIRe,,1.6,1.6,1.6,1,1,1.6,1.6,2.56,1,1.6,1.6,1.6,2.56,1.6,1.6,1,1.6,1,1,1,1,1,0.625,0.625,0.625,1,1,0.625,1,0.625,0.625,1,1,1,0.625,1,0.625,1,1,1,0.625,0.625,0.625,0.625,0.625,0.625,1,1,0.625,1.6,0.625,0.625,0.625,1,1,1,0.625,1,1,1,0.625,1,0.625,1,1,1,1,1,1,1,0.625,1,2.56,0.625,0.625,0.625,1,1,1.6,1.6,1,0.625,1,1,0.625,0.625,0.625,0.625,1,1,1.6,1,1,1,1,0.625,1.6,1,1.6,1.6,1.6,1.6,1,1,1.6,1,0.625,0.625,0.625,1,0.625,1,1,1.6,1.6,1,0.625,1,1,1,0.625,1.6,0.625,1.6,1,1,1,1,1.6,0.625,0.625,0.625,0.625,1.6,1,1.6,1,0.625,1.6,1,1.6,1,1,0.625,0.625,0.625,1,1,0.625,1.6,1.6,1.6,1.6,1.6,1.6,1.6,1.6,0.625,1.6,0.625,1.6,1.6,1.6,1.6,1.6,0.625,1,2.56,2.56,2.56,1
ICE,,0.625,1,0.625,1,0.625,0.625,0.625,0.625,1,0.625,0.625,0.625,1,1,0.625,1,0.625,1,1,1,1.6,0.625,0.625,0.625,0.625,1,1,0.625,1,0.625,1.6,1,1,1,0.625,1,1,1,1,1,1.6,0.625,0.625,0.625,1,1,1.6,1,0.625,1,0.625,0.625,1.6,2.56,1.6,1,1,1.6,1.6,1,0.625,0.625,1,1,1,1.6,1.6,1,1.6,1.6,1,0.625,0.625,0.625,0.625,1.6,1,1.6,1,1.6,1.6,1.6,1,1,1.6,0.625,0.625,0.625,1.6,1.6,1,1,1,0.625,1,1.6,1,1,1.6,1,0.625,1.6,1,1,1,1,0.625,1,2.56,1.6,1,1,1.6,1,1.6,1,2.56,1,1,1,1.6,1.6,1,0.625,1.6,1,1,1.6,0.625,1.6,1.6,0.625,1,1,1.6,1.6,1.6,1,1.6,1,0.625,0.625,1.6,0.625,1.6,1,0.625,1,1,2.56,1,1,0.625,1,1.6,2.56,1.6,1,1.6,1,0.625,0.625,0.625,0.625,1.6,1.6,2.56,0.625,1.6,1,0.625
FIGhting,,1,1,0.39,1.6,1.6,1.6,2.56,1,0.39,1.6,2.56,1,1.6,1.6,1.6,0.39,1,1,0.39,0.625,0.625,1.6,0.625,0.39,0.625,0.39,1,0.39,0.625,0.625,0.625,1,0.39,0.625,1,0.625,1,0.625,1.6,1,0.39,1.6,1.6,1,1,0.625,0.625,0.39,1.6,0.625,1,1,0.625,0.625,1,1,0.625,0.625,0.625,1.6,1,0.625,1,1,1.6,0.39,0.39,0.39,1,0.625,1,2.56,2.56,1.6,1,1,1,0.625,0.39,0.39,1,1.6,1,0.625,1,0.625,1,0.625,1.6,1,1,0.625,1.6,0.625,0.625,1,0.625,0.625,0.625,0.625,0.39,0.625,1.6,1,0.625,1,0.625,1,0.625,1.6,0.39,0.625,0.625,1,1,1.6,1,1,0.625,0.625,1.6,0.625,1,1,0.625,0.39,2.56,0.625,1.6,1,0.625,1.6,1.6,0.625,0.625,1.6,1,1.6,1,1,1,1.6,1.6,1.6,1.6,2.56,1.6,1.6,1.6,1,1,1.6,1.6,0.625,0.625,0.625,1.6,2.56,1,1,2.56,1.6,2.56,1,0.625,1.6,1,1,0.625,1.6,2.56
BUG,DARk,0.625,1,1.6,1,1,1,1,1,1.6,1,1,1,1,1,0.625,1,1.6,1,1.6,0.625,1,1,1,1.6,0.625,1,1,1.6,1,0.625,0.625,0.625,1.6,0.625,1,1,1,0.625,1,1,1.6,1,1,1,1,1,0.625,1.6,1,1,1,1,1,1,1,1,1,1,1,1.6,1,1,1,0.625,1,1.6,1.6,1,1,1,1,1,1,1.6,0.625,1,1.6,0.625,1.6,1.6,1,1,1,1.6,1,1,0.625,1.6,1,1,1,1,1.6,1,0.625,1,0.625,1.6,1,1,1.6,1,0.625,1.6,1,0.625,1.6,0.625,1,1.6,1.6,0.625,0.625,1.6,1.6,1,1,1,1,1.6,1.6,1,1,1,1,2.56,1.6,1.6,1,0.625,1.6,1,1,0.625,1.6,1.6,0.625,1,1.6,2.56,0.625,1,1.6,1,1,1,1,1,0.625,1.6,1,1,1,1.6,1,1,2.56,1.6,1,1.6,1,0.625,1.6,1.6,2.56,1,1.6,1,1.6,1.6,1
ELEctric,GRAss,1,1.6,1,0.625,1.6,1,1,1,1,0.625,1,1,0.625,1,1,1,1,1,1,1,1,1,1.6,1.6,1.6,1,1,1,0.625,1,0.625,1,1,1,1.6,1,2.56,1,1,1,0.625,1,1,1,1,2.56,1.6,1,1.6,0.625,1.6,0.625,0.625,1,1.6,1,1.6,1,1.6,1,1.6,1.6,0.625,1,1,1.6,1.6,1,1.6,1.6,1,1,1,1.6,1,0.625,1,1.6,1,0.625,1.6,0.625,0.625,1,0.625,1,1.6,1,1.6,1.6,1,1,1,1,1,1.6,1,1,0.625,1,1,1,1,1,1,1,1.6,1.6,1,1.6,1.6,1,1.6,1,0.625,1,1,1,1,1,0.625,0.625,1,1,0.625,1,1,1.6,1,0.625,0.625,2.56,1.6,1,1.6,0.625,1.6,1.6,0.625,1,1,1.6,1,1,1,1.6,1,0.625,1.6,1,1.6,1.6,1,1,1.6,1,0.625,1.6,0.625,1.6,1,1,1,1,0.625,2.56,0.625,1,0.625,0.625,1.6
FLYing,DRAgon,0.625,0.625,0.625,1,0.625,0.625,0.625,1,1,0.625,0.625,0.625,1,0.625,1,1,0.625,1,1,0.625,1,0.625,1,1,1,1,1,1,1,1,1,1,1,1,1,1,1,1,1,1,1.6,1,1,1,1,1,1,1,1,1,1,1,1.6,1,1,1,1,1,1,1,1,1.6,1.6,1,1,1,1,1.6,1,1,1.6,0.625,0.625,1,1.6,1.6,1,1,1.6,1.6,1,1.6,1.6,1,1.6,1,1.6,1,1,1,1.6,1,1,1.6,1.6,1,1.6,1,1.6,1.6,1,1.6,1.6,1.6,1.6,1.6,1,0.625,1.6,1,1,1.6,1.6,1.6,1,1.6,1.6,1,1.6,1,1.6,1.6,1,1,1.6,1,1,1,1,1.6,1.6,1,1,2.56,1,1.6,1.6,1,1.6,1,1,1,1,1,1.6,1,1,1.6,1,1.6,1,1,1,1.6,1.6,1.6,1.6,1,2.56,1,1,1.6,1,1,1.6,1,1.6,1.6,2.56,1.6,1
POIson,BUG,0.625,0.625,0.625,0.625,0.625,0.625,0.625,0.625,0.625,0.625,1,0.625,1,0.625,0.625,1,1,1,0.625,1.6,1,0.625,0.625,0.625,1.6,1,0.625,0.625,0.625,1.6,1.6,1.6,0.625,1,1,0.625,1,1.6,1,1,0.625,1,1,1,0.625,1,1,0.625,1,1,1,1,0.625,0.625,1,1.6,1,0.625,0.625,1.6,1,1,1,1,1,0.625,0.625,0.625,1,1,1,0.625,0.625,1.6,1,1,1.6,1.6,0.625,1,1,1,1.6,1,1,0.625,1,1,1,1,1,1.6,1.6,1,0.625,0.625,1.6,1.6,1,0.625,0.625,1,1,1.6,1,1,1.6,1,1,1.6,0.625,1.6,1,1.6,1.6,1,1,1,1,1.6,1.6,2.56,0.625,0.625,1,1,1.6,1,1,1,1.6,1,1,1,1.6,1.6,0.625,1,1.6,2.56,1.6,1,1.6,0.625,1,1,1,1,0.625,1.6,1,1,1,1.6,1,1.6,2.56,1.6,1.6,1.6,1,1,1.6,1.6,2.56,1,1.6,1,1.6,1.6,1
ICE,DRAgon,0.625,1,0.625,1,0.625,0.625,0.625,0.625,1,0.625,0.625,0.625,1,1,0.625,1,0.625,1,1,1,1.6,0.625,1,1,0.625,1,1,1,1,0.625,1.6,1,1,1,1,1,1,1,1,1,1.6,1,1,1,1,1,1.6,1,1,1,1,1,1.6,2.56,1.6,1,1,1.6,1.6,1,1,1,1.6,1,1,1.6,1.6,1,1.6,1.6,1.6,0.625,0.625,1,1,1.6,1,1.6,1,1.6,1.6,1.6,1,1,1.6,1,1,1,1.6,1.6,1,1,1,1,1,1.6,1,1,1.6,1,1,1.6,1,1,1,1,1,1,2.56,1.6,1,1,1.6,1,1.6,1,2.56,1,1,1,1.6,1.6,1,1,1.6,1,1,1.6,1,1.6,1.6,1,1,1,1.6,1.6,1.6,1,1.6,1,0.625,1,1.6,1,1.6,1,1,1.6,1,2.56,1,1,1,1,1.6,2.56,1.6,1,1.6,1,1,1,1,1,1.6,1.6,2.56,1,1.6,1,1
DRAgon,FAIry,0.625,0.625,0.625,1,0.625,0.625,0.625,0.625,1,0.625,1,0.625,0.625,0.625,1,1.6,0.625,1,1,1,1,0.625,1,1,1,1,1,1,1,0.625,1.6,1,1,0.625,1,1,1,1,1,1,1.6,1,1,1,1,1,1,1,1,1,1,1,1.6,1,1,1.6,1,1,1,1.6,1,1,1.6,1.6,1,1,1,1.6,1.6,1,1.6,0.625,0.625,1.6,1,1.6,1,1,1,1,1,1.6,1,1,1.6,1,1.6,1,1,1,1,1,1.6,1,1,1,1,1,1,1,1,1,1.6,1,1,1.6,1,1,1.6,1.6,1,1.6,1.6,1.6,1,2.56,1.6,1,1.6,1,2.56,1,1,1,1.6,1,1.6,1,1,2.56,1.6,1,1,1.6,1,1,1.6,1,1,1.6,1,1,1,1,1.6,1,1,1.6,1.6,1,1,1,1,1,1,1,1.6,1.6,1.6,1,1,1.6,1.6,1,1,1,1.6,1,1,1,1
PSYchic,DRAgon,0.625,0.625,0.625,1,0.625,0.625,0.625,0.625,1,0.625,0.625,1,0.625,0.625,1,1,0.625,1,1,1,1,0.625,1.6,1,1,1,1.6,1,1.6,1,1,1,1,1.6,1,1.6,1,1,1,1,1.6,1,1,1,1,1,1,1.6,1,1,1,1,1.6,1,1,0.39,1,1.6,1.6,1,1,1,1.6,1.6,1,1,1,1.6,1,1,1.6,0.625,0.625,1,1.6,1.6,1,1,1,1,1,1.6,1,1,1.6,1.6,1.6,1,1,1,1,0.625,1,1,2.56,1,1,1,1.6,1.6,1,1,1.6,1,1,1.6,1,1,1.6,1,1,1.6,1.6,1,1,1,1.6,1,1,1,1.6,1,1.6,1.6,1.6,1,1,1,1,1.6,1.6,1,1,1.6,1,1,1.6,1,1,1,1,1,1,1,1.6,1,1,1.6,1.6,1,1,1,1,1,1,1,1,1,1.6,1,1,1.6,1,1,1,1,1.6,1,1,1,1
POIson,DRAgon,0.39,0.625,0.625,1,0.625,0.625,0.625,0.625,1,0.625,0.625,0.625,0.625,0.625,0.625,1,0.625,1,1,1.6,1,0.625,1,1,1.6,1,1,1,1,1.6,1.6,1.6,1,1,1,1,1,1.6,1,1,1.6,1,1,1,1,1,1,1,1,1,1,1,1.6,1,1,1.6,1,1,1,1,1,1,1.6,1,1,1,1,1,1,1,1.6,0.625,0.625,1,1,1.6,1,1.6,1,1,1,1.6,1.6,1,1.6,1,1,1,1,1,1,1.6,1,1,1,1,1.6,1,1,1,1,1,1,1.6,1,1,1,1,1.6,1,1,1.6,1,1,1.6,1,1.6,1,1,1,1.6,2.56,1,1,1.6,1,1,1,1,1.6,1.6,1,1,1,1,1.6,1,1,1.6,1,1.6,1,1,1,1.6,1,1,1.6,1,1,1,1,1,1,1,1.6,1.6,1,1.6,1,1,1,1,1,1.6,1,1.6,1,1.6,1.6,1
DRAgon,DARk,0.625,1,1.6,1,1,1,1,1,1.6,1,0.625,1,1,1,0.625,1,1.6,1,1.6,0.625,1,1,1,1.6,0.625,1,1,1.6,1,0.625,0.625,0.625,1.6,0.625,1,1,1,0.625,1,1,1.6,1,1,1,1,1,0.625,1.6,1,1,1,1,1.6,1,1,0.625,1,1,1,1,1,1,1.6,1,1,1.6,1.6,1,1,1,1.6,1,1,1,1,1.6,1.6,0.625,1.6,1.6,1,1.6,1,1.6,1.6,1,1,1.6,1,1,1,1,1,1,1,1,0.625,1.6,1,1,1.6,1,1,1,1,1,1.6,0.625,1.6,1,1.6,0.625,1,1,1,1,1.6,1,1,1.6,1.6,0.625,1,1,1.6,2.56,1,1.6,1,1.6,1.6,1,1,1,1.6,1,1,1,1,1,0.625,1,1,1,1.6,1,1,1.6,1,1,1,1,1,1.6,1,1,1,1,1,1.6,1,1,1,1.6,1.6,1,1.6,1,1,1,1
normal,DRAgon,0.625,0.625,0.625,1,0.625,0.625,0.625,0.625,1,0.625,0.625,0.625,0.625,0.625,0.625,1,0.625,1,1,1,1,0.625,1,1,1,0.39,1,1,1,1,1,1,1,1,1,1,1,1,1,1,1.6,1,1,1,1,1,1,1,1,1,1,1,1.6,1,1,1,1,1,1,1,1,1,1.6,1,1,1,1,1,1,1,1.6,0.625,0.625,1,1,1.6,1,1,1,1,1,1.6,1,1,1.6,1,1,1,1,1,1,1,1,1,1,1,1,1,1,1,1,1,1,1,1,1,1,0.625,1.6,1,1,1,1,1,1,1,1.6,1,1,1,1.6,1,1,1,1.6,1,1,1,1,1.6,1.6,1,1,1,1,1,1,1,1,1,1,1,1,1,1.6,1,1,1.6,1,1,1,1,1,1,1,1,1,1,1,1,1,1,1,1,1,1,1.6,1,1,1,1
normal,WATer,1,1,1,0.625,0.625,1,1,1,1,1,1,1,0.625,1.6,1,1,1,1,1,1,1,1.6,1,0.625,1,1,1,1.6,1,1.6,1,1,1,1,1,1,1,1,1,1,0.625,1.6,1.6,1.6,2.56,1,1.6,1,1,1,1,1.6,1,1.6,1,1,1.6,1.6,1,1,1,1,1,1,1,1.6,1,1,1,1,1,1.6,1,1,1.6,1,1,1,1,0.625,1.6,1,1,1,1,1.6,1,1.6,1.6,1.6,1,1,1,1.6,1,1.6,1,1,1,1,1,1.6,1,1,1,1,1,1.6,1,1.6,1.6,1,1,1,1,1,1,1.6,1,1,1,1,1.6,1,1,1,1,1,1,1,1,1,1.6,1,1.6,1,1.6,1.6,1,1,1,1,1,2.56,1,1.6,1.6,1,1.6,1,1,1.6,1,1,1,1,1,1.6,1,1.6,1,1,1,1,1,2.56,1,1,1,1,1.6
normal,FAIry,0.625,0.625,0.625,1,0.625,0.625,0.625,0.625,1,0.625,1,0.625,0.625,0.625,1,1.6,0.625,1,1,1,1,0.625,1,1,1,1,1,0.625,1,1,1.6,1,1,1,1,1,1,1,1,1,1.6,1,1,1,1,1,1,0.625,1,1,1,1,1,1,1,1.6,1,1,1,1.6,1,1,1,1.6,1,1,1,1.6,1.6,1,1.6,0.625,0.625,1.6,1,1.6,1,1,1,1,1,1.6,1,1,1.6,1,1.6,1,1,1,1,1,1.6,1,1,1,1,1,1,1,1,1,1.6,1,1,1.6,1,1,1.6,1.6,1,1.6,1.6,1.6,1,2.56,1.6,1,1.6,1,2.56,1,0.625,1,1.6,1,1.6,1,1,2.56,1.6,1,1,1.6,1,1,1.6,1,1,1.6,1,1,1,0.625,1.6,1,1,1.6,1.6,1,1,1,1,1,1,1,1.6,1.6,1.6,1,1,1.6,1.6,1,1,1,1.6,1,1,1,1
normal,FLYing,0.625,0.625,0.625,0.625,0.625,0.625,0.625,1,1,0.625,0.625,0.625,1,0.625,1,1,0.625,1,0.625,1,1,0.625,1,1,1,1,1,1,1,1,1,1,1,1,1,1,1,1,1,1,1,1,1,1,1,1,1,1,1,1,1,1,1,1,1,1,1,1,1,1,1,1.6,1,1,1,1,1,1.6,1,1,1,0.625,0.625,1,1.6,1,1,1,1.6,1.6,1,1,1.6,1,1,1,1.6,1,1,1,1.6,1,1,1.6,1.6,0.625,1.6,1,1.6,1.6,1,1.6,1.6,1.6,1.6,1.6,1,0.625,1,1,0.625,1.6,1.6,1.6,1,1.6,1,1,1.6,1,1,1.6,0.625,1,1.6,1,1,1,1,1.6,1,0.625,0.625,2.56,1,1.6,1.6,0.625,1.6,1,1,1,1,0.625,0.625,0.625,1,1,1,1.6,1,1,1,1.6,1.6,1.6,1.6,0.625,2.56,0.625,1,1.6,1,1,1.6,0.625,1.6,1.6,2.56,1.6,0.625
WATer,,1,1,1,0.625,0.625,1,1,1,1,1,1,1,0.625,1.6,1,1,1,1,1,1,1,1.6,0.625,0.625,0.625,1,1,1.6,1,1.6,0.625,1,1,1,0.625,1,1,1,1,1,0.625,1.6,1.6,1.6,2.56,0.625,1.6,1,0.625,1,0.625,1.6,0.625,1.6,1,1,1.6,1.6,1,1,1,0.625,1,1,1,1.6,1,1,1,1,0.625,1.6,1,0.625,1.6,0.625,1,1,1,0.625,1.6,0.625,1,1,0.625,1.6,0.625,1.6,1.6,1.6,1,1,1,1.6,1,1.6,1,1,0.625,1,1,1.6,1,0.625,1,1,0.625,1.6,0.625,1.6,1.6,1,1,1,0.625,1,1,1.6,1,1,0.625,0.625,1.6,1,0.625,1,1,1,1,0.625,0.625,1,1.6,1,1.6,0.625,1.6,1.6,0.625,1,1,0.625,1,2.56,1,1.6,1.6,0.625,1.6,1,1,1.6,1,1,1,0.625,0.625,1.6,0.625,1.6,1,1,1,1,0.625,2.56,0.625,1,0.625,0.625,1.6
FAIry,,0.625,0.625,0.625,1,0.625,0.625,0.625,0.625,1,0.625,1,0.625,0.625,0.625,1,1.6,0.625,1,1,1,1,0.625,0.625,1,1,1,0.625,0.625,0.625,0.625,1.6,1,1,0.625,1,0.625,1,1,1,1,1.6,1,0.625,0.625,0.625,1,1,0.625,1,1,1,0.625,1,1,1,1.6,0.625,0.625,0.625,1.6,0.625,1,1,1.6,1,1,1,1.6,1.6,1,1.6,0.625,0.625,1.6,1,1.6,1,1,1,1,1,1.6,0.625,0.625,1.6,0.625,1.6,0.625,1,1,1,1,1.6,0.625,1,1,1,1,0.625,0.625,1,1,1.6,1,1,1.6,1,1,1.6,1.6,1,1.6,1.6,1.6,1,2.56,1.6,1,1.6,1,2.56,1,0.625,0.625,1.6,1,1.6,1,1,2.56,1.6,1,1,1.6,1,1,1.6,1,1,1.6,1,1,1,0.625,1.6,1,0.625,1.6,1.6,1,1,1,1,1,1,1,1.6,1.6,1.6,1,1,1.6,1.6,1,1,1,1.6,1,1,1,1
FLYing,,0.625,0.625,0.625,0.625,0.625,0.625,0.625,1,1,0.625,0.625,0.625,1,0.625,1,1,0.625,1,0.625,0.625,0.625,0.625,1,1,1,1,1,1,0.625,1,1,1,1,1,0.625,1,1,1,0.625,0.625,1,1,1,1,1,1,1,1,1,1,1,0.625,1,1,1,1,1,1,1,0.625,1,1.6,1,1,1,1,1,1.6,1,1,1,0.625,0.625,1,1.6,0.625,1,1,1.6,1.6,0.625,1,1.6,1,1,1,1.6,1,1,1,1.6,1,1,1.6,1.6,0.625,1.6,0.625,1.6,1.6,1,1.6,1.6,1.6,1.6,1.6,1,0.625,1,1,0.625,1.6,1.6,1.6,1,1.6,1,1,1.6,1,1,1.6,0.625,1,1.6,1,1,1,0.625,1.6,1,0.625,0.625,2.56,1,1.6,1.6,0.625,1.6,1,1,1,1,0.625,0.625,0.625,1,1,1,1.6,1,1,1,1.6,1.6,1.6,1.6,0.625,2.56,0.625,1,1.6,1,1,1.6,0.625,1.6,1.6,2.56,1.6,0.625
GRAss,DRAgon,0.625,0.625,0.625,1,1,0.625,0.625,0.625,1,0.625,0.625,0.625,0.625,1,0.625,1,0.625,1,1,1,1,0.625,1,1.6,1.6,1,1,1,1,0.625,0.625,1,1,0.625,1.6,1,2.56,1,1,1,1.6,1,1,1,1,1,1.6,1,1.6,1,1.6,1,1.6,1,1,1,1,1,1,1,1,1,1.6,1,1,1.6,1,1,1,1,1.6,1,0.625,1.6,1,1.6,1,0.625,1,1,1.6,1.6,1,1,1.6,1,1.6,1,1.6,1.6,1,1,1,1,1,1,0.625,1,1,1,1,1,1,1,1,1,1.6,1.6,1.6,1.6,1.6,1,1,1,1,1,1.6,1,1,1,1.6,0.625,1,1,1.6,1,1,1,1,1.6,1.6,2.56,1.6,1,1.6,1,1.6,1.6,1,1,1,1.6,1,1,1.6,1.6,1,1.6,1.6,1,1,1.6,1,1,1,1,1,1.6,1,1.6,1,1,1,1,1,2.56,1.6,1,1,1,1.6
normal,STEel,1,0.625,0.625,0.625,0.625,0.625,0.625,0.625,1,0.625,0.625,0.625,0.625,0.625,0.625,1,0.625,1,0.625,1,1,0.625,1,0.625,1,1.6,1,0.625,1,1,1.6,1.6,1,1.6,1,1,1,1.6,1,1,1,1,1,1,1,1,1.6,1,1,1,1,1,1,1,1,1.6,1,1,1,1,1,1,1,1,1,1,1,1,1,1,1,1,1,1,1,1,1,1.6,1,1,1,1,1,1,1,1,1,1,1,1,1,1.6,1,1,1,1.6,1.6,1,1,1,1.6,1,1,1,1,1,1,2.56,1,1,1.6,1.6,1,1,1,1,1,1.6,1,1,1,1.6,1.6,1.6,1,1,1,1,1,1,1,1,1,1,1,1,1,1.6,1,1,2.56,1,1.6,1,1.6,1.6,1,1.6,1.6,1,1.6,1.6,1.6,1,1,1,1,1.6,1,1.6,1.6,1.6,1.6,1.6,1,1.6,1,1.6,1,1.6,2.56
STEel,,1,0.625,0.625,0.625,0.625,0.625,0.625,0.625,1,0.625,0.625,0.625,0.625,0.625,0.625,1,0.625,1,0.625,1,0.625,0.625,0.625,0.625,1,1.6,1,0.625,0.625,1,1.6,1.6,1,1.6,0.625,1,0.625,1.6,0.625,0.625,1,0.625,0.625,0.625,0.625,0.625,1.6,1,0.625,0.625,0.625,0.625,1,1,1,1.6,0.625,1,1,0.625,0.625,0.625,0.625,0.625,1,1,1,1,1,1,0.625,1,1,0.625,0.625,0.625,1,1.6,1,1,0.625,1,0.625,1,1,0.625,0.625,0.625,1,1,1,1.6,1,0.625,1,1.6,1.6,0.625,1,1,1.6,1,1,0.625,1,1,0.625,2.56,1,1,1.6,1.6,1,1,0.625,1,1,1.6,1,1,1,1.6,1.6,1.6,1,1,1,1,1,1,1,1,1,1,1,1,1,1.6,1,1,2.56,1,1.6,1,1.6,1.6,1,1.6,1.6,1,1.6,1.6,1.6,1,1,1,1,1.6,1,1.6,1.6,1.6,1.6,1.6,1,1.6,1,1.6,1,1.6,2.56
GHOst,DARk,1,1,1.6,1,1,1,1,1,1.6,1,0.625,1,1,1,1,1,1.6,0.625,1.6,1,1,1,1,1.6,1,1.6,1,1.6,1,1,1,0.625,1.6,1,1,1,1,1,1,1,1.6,0.625,1,1,1,1,1,1.6,1,1,1,1,1,1,1,0.625,1,1,1,0.625,1,1,1,1,1,1.6,1.6,1.6,0.625,1,1,1,1,0.625,1,1,1.6,1,1.6,1.6,1,1,1,1.6,1,1,1,1.6,1,1,1,1.6,0.625,1,1,1,1,1.6,1,1,1.6,1,0.625,1,1,1,1.6,1,1,0.625,1.6,1,1,0.625,1,0.625,1,1,1.6,1.6,0.625,1,1,1,1,2.56,0.625,1.6,1,1,1.6,1,1,1,1.6,1,1,1,1,1,1,1,1,1,1,1,1,1,1,1,1,1,1,1.6,1,1,0.625,0.625,1,1.6,1,1,0.625,1.6,1.6,1,1,1,1,1,1
normal,GHOst,1,1,1.6,1,1,1,0.625,1,0.39,1,0.625,1,1,1,1,1,1.6,1,1.6,1,1,1,1,1.6,1,1.6,1,1.6,1,1,1,1,1.6,1,1,1,1,1,1,1,1.6,1,1,1,1,1,1,1.6,1,1,1,1,1,1,1,1,1,1,1,1,1,1,1,1,1,1.6,1.6,1.6,1,1,1,1,1,1,1,1,1,1,1.6,1.6,1,1,1,1.6,1,1,1,1.6,1,1,1,1.6,1,1,1,1,1,1.6,1,1,1.6,1,1,1,1,1,1.6,1,1,1,1.6,1,1,1,1,1,1,1,1.6,1.6,1,1,1,1,1,2.56,1,1.6,1,1,1.6,1,1,1,1.6,1,1,1,1,1,1,1,1,1,1,0.625,1,1,1,1,1,1,1,1.6,1,1,1,0.625,1,1.6,1,1,1,1.6,1.6,1,1,1,1,1,1
GHOst,,1,1,1.6,1,1,1,0.39,1,0.39,1,0.625,1,1,1,1,1,1.6,0.625,1.6,1,1,1,1,1.6,1,1.6,0.39,1.6,1,1,1,0.39,1.6,1,1,1,1,1,0.39,1,1.6,0.625,0.39,1,1,1,1,1.6,0.39,1,1,1,1,1,0.39,0.625,1,1,1,0.625,1,1,1,1,0.39,1.6,1.6,1.6,0.625,1,1,1,1,0.625,1,1,0.39,1,1.6,1.6,1,0.39,1,1.6,1,1,1,1.6,0.39,1,0.39,1.6,0.625,1,1,1,1,1.6,1,1,1.6,1,0.39,1,1,1,1.6,1,1,0.625,1.6,1,1,0.625,1,0.625,1,1,1.6,1.6,0.625,1,1,1,1,2.56,0.39,1.6,1,1,1.6,1,1,1,1.6,0.39,1,1,1,1,1,1,1,1,1,0.39,1,1,1,1,1,1,1,1.6,1,1,0.625,0.625,1,1.6,0.39,1,0.625,1.6,1.6,1,1,1,1,1,1
normal,GRAss,0.625,0.625,0.625,0.625,1,0.625,0.625,0.625,1,0.625,0.625,0.625,0.625,1,0.625,1,0.625,1,1,1,1,0.625,1,1.6,1.6,1,1,0.625,1,1,1,1,1,1,1.6,1,2.56,1,1,1,0.625,1,1,1,1,1,1.6,0.625,1.6,1,1.6,1,1,1,1,1,1,1,1,1,1,1,1,1,1,1.6,0.625,1,1,1,1,1,0.625,1.6,1,1,1,1,0.625,0.625,1.6,1,1,1,1,1,1.6,1,1.6,1.6,1,1,1,1,1,1,1,1,1,1,1,1,1,1,1,1,1.6,1.6,1,1.6,1.6,1,1,1,1,1,1,1,1,1,1,1,1,1,1,1,1,1,1,1,1,2.56,1.6,1,1.6,1,1.6,1.6,1,1,1,1.6,1,1,1,1.6,1,1,1.6,1,1,1.6,1,1,1,1,1,1.6,1,1.6,1,1,1,1,1,2.56,1,1,1,1,1.6
normal,BUG,0.625,0.625,0.625,0.625,0.625,0.625,0.625,0.625,0.625,0.625,1,0.625,1,0.625,0.625,1,1,1,0.625,1,1,0.625,1,0.625,1,0.625,1,0.625,1,1,1,1,0.625,1,1,1,1,1,1,1,0.625,1,1,1,1,1,1,0.625,1,1,1,1,1,1,1,1,1,1,1,1.6,1,1,1,1,1,0.625,0.625,0.625,1,1,1,0.625,0.625,1.6,1,1,1.6,1,0.625,1,1,1,1,1,1,1,1,1,1,1,1,1,1.6,1,1,0.625,1,1.6,1,1,0.625,1,1,1.6,1,1,1.6,0.625,1,1.6,0.625,1,1,1.6,1.6,1,1,1,1,1.6,1.6,1,0.625,1,1,1,1.6,1,1,1,1.6,1,1,1,1.6,1.6,1,1,1.6,2.56,1,1,1.6,0.625,1,1,1,1,0.625,1.6,1,1,1,1.6,1,1,2.56,1.6,1,1.6,1,1,1.6,1.6,2.56,1,1.6,1,1.6,1.6,1
GRAss,,0.625,0.625,0.625,0.625,1,0.625,0.625,0.625,1,0.625,0.625,0.625,0.625,1,0.625,1,0.625,0.625,1,1,0.625,0.625,1,1.6,1.6,1,0.625,0.625,0.625,0.625,0.625,1,1,0.625,1.6,0.625,2.56,1,1,1,0.625,0.625,0.625,0.625,1,1,1.6,0.625,1.6,0.625,1.6,0.625,0.625,1,0.625,1,0.625,1,0.625,1,1,1,0.625,1,1,1.6,0.625,1,0.625,0.625,1,1,0.625,1.6,0.625,0.625,1,0.625,0.625,0.625,1.6,0.625,0.625,0.625,0.625,0.625,1.6,0.625,1.6,1.6,0.625,1,1,0.625,0.625,1,0.625,1,0.625,0.625,1,1,1,1,0.625,1,1.6,1.6,0.625,1.6,1.6,1,0.625,0.625,0.625,1,1,1,1,1,0.625,0.625,1,0.625,0.625,1,1,0.625,1,0.625,0.625,2.56,1.6,0.625,1.6,0.625,1.6,1.6,0.625,1,1,1.6,1,1,1,1.6,0.625,0.625,1.6,1,0.625,1.6,1,0.625,0.625,0.625,0.625,1.6,0.625,1.6,1,1,1,1,0.625,2.56,0.625,0.625,0.625,0.625,1.6
BUG,,0.625,0.625,0.625,0.625,0.625,0.625,0.625,0.625,0.625,0.625,1,0.625,1,0.625,0.625,1,1,1,0.625,0.625,0.625,0.625,0.625,0.625,0.625,0.625,0.625,0.625,0.625,0.625,0.625,0.625,0.625,0.625,1,0.625,1,0.625,1,1,0.625,1,0.625,0.625,0.625,0.625,0.625,0.625,1,1,1,0.625,0.625,0.625,0.625,1,0.625,0.625,0.625,1.6,0.625,1,0.625,0.625,1,0.625,0.625,0.625,1,0.625,1,0.625,0.625,1.6,0.625,1,1.6,0.625,0.625,1,1,1,1,1,1,0.625,0.625,1,1,1,1,1,1.6,0.625,0.625,0.625,0.625,1.6,1,0.625,0.625,1,0.625,1.6,1,0.625,1.6,0.625,0.625,1.6,0.625,0.625,0.625,1.6,1.6,1,1,1,1,1.6,1.6,1,0.625,0.625,1,1,1.6,1,1,0.625,1.6,1,1,0.625,1.6,1.6,0.625,1,1.6,2.56,0.625,1,1.6,0.625,1,1,0.625,1,0.625,1.6,0.625,1,1,1.6,0.625,1,2.56,1.6,1,1.6,1,0.625,1.6,1.6,2.56,1,1.6,1,1.6,1.6,1
normal,DARk,0.625,1,1.6,1,1,1,1,1,1.6,1,0.625,1,1,1,0.625,1,1.6,1,1.6,1,1,1,1,1.6,1,1,1,1.6,1,1,1,1,1.6,1,1,1,1,1,1,1,1.6,1,1,1,1,1,1,1.6,1,1,1,1,1,1,1,1,1,1,1,1,1,1,1,1,1,1.6,1.6,1,1,1,1,1,1,1,1,1,1.6,1,1.6,1.6,1,1,1,1.6,1,1,1,1.6,1,1,1,1,1,1,1,1,1,1.6,1,1,1.6,1,1,1,1,1,1.6,0.625,1,1,1.6,1,1,1,1,1,1,1,1,1.6,1,1,1,1,1,2.56,1,1.6,1,1,1.6,1,1,1,1.6,1,1,1,1,1,1,1,1,1,1,1,1,1,0.625,1,1,1,1,1.6,1,1,1,0.625,1,1.6,1,1,1,1.6,1.6,1,1,1,1,1,1
normal,PSYchic,0.625,0.625,0.625,0.625,0.625,0.625,0.625,0.625,1,0.625,0.625,1,0.625,0.625,1,0.39,0.625,1,1,1,1,0.625,1.6,1,1,1,1.6,1,1.6,1,1,1,1,1.6,1,1.6,1,1,1,1,1,1,1,1,1,1,1,1.6,1,1,1,1,1.6,1,1,1,1,1.6,1.6,1,1,1,1,1.6,1,1,1,1.6,1,1,1,0.625,0.625,1,1.6,1,1,1,1,1,1,1,1,1,1,1.6,1.6,1,1,1,1,1,1,1,2.56,1,1,1,1.6,1.6,1,1,1.6,1,1,1.6,1,1,1,1,1,1.6,1.6,1,1,1,1,1,1,1,1,1,1.6,1.6,1,0.625,1,1,1,1.6,1,1,1,1.6,1,1,1.6,1,1,1,1,1,1,1,1,1,1,1,1.6,1,1,1,1,1,1,1,1,0.625,1.6,0.625,1,1.6,1,1,1,1,1,1,1,1,1
DARk,,0.625,1,1.6,1,1,1,1,1,1.6,1,0.625,1,1,1,0.625,1,1.6,0.625,1.6,0.625,1,1,1,1.6,0.625,1,1,1.6,1,0.625,0.625,0.625,1.6,0.625,1,1,1,0.625,1,1,1.6,0.625,1,1,1,1,0.625,1.6,1,1,1,1,1,1,1,0.625,1,1,1,0.625,1,1,1,0.625,1,1.6,1.6,1,0.625,1,1,1,1,0.625,0.625,1,1.6,0.625,1.6,1.6,1,1,1,1.6,1,1,0.625,1.6,1,1,1,1,0.625,1,0.625,1,0.625,1.6,1,1,1.6,1,0.625,1,1,0.625,1.6,0.625,1,0.625,1.6,0.625,0.625,0.625,1,0.625,1,1,1,1.6,0.625,0.625,1,1,1,2.56,0.625,1.6,1,0.625,1.6,1,1,0.625,1.6,1,0.625,1,1,1,0.625,1,1,1,1,1,1,1,0.625,1,1,1,1,1.6,1,1,0.625,0.625,0.625,1.6,1,0.625,0.625,1.6,1.6,1,1,1,1,1,1
PSYchic,,0.625,0.625,0.625,0.625,0.625,0.625,0.625,0.625,1,0.625,0.39,1,0.625,0.625,1,0.39,0.625,0.39,1,1,1,0.625,1.6,1,1,1,1.6,1,1.6,1,1,1,1,1.6,1,1.6,1,1,1,1,1,0.39,1,1,1,1,1,1.6,1,1,1,1,1.6,1,1,0.39,1,1.6,1.6,0.39,1,1,1,1.6,1,1,1,1.6,0.39,1,1,0.625,0.625,0.39,1.6,1,0.625,1,1,1,1,1,1,1,1,1.6,1.6,0.625,1,1,1,0.625,0.39,1,2.56,1,1,0.625,1.6,1.6,1,1,1.6,1,1,1.6,0.625,1,1,0.39,1,1.6,1.6,0.39,1,0.39,1,1,1,0.625,0.39,1,1.6,1.6,1,0.625,0.39,0.625,1,1.6,0.625,1,1,1.6,0.625,1,1.6,1,1,0.39,1,1,1,1,1,1,1,1,1.6,1,1,1,1,0.625,1,1,0.39,0.39,1.6,0.625,1,1.6,0.39,0.625,0.625,1,1,1,1,1,1
normal,ELEctric,1,1.6,1,0.625,1.6,1,1,1,1,0.625,1,1,0.625,0.625,1,1,1,1,0.625,1,1,1,1.6,1.6,1.6,1,1,1,1,1,1,1,1,1,1,1,1,1,1,1,0.625,1,1,1,1,2.56,1,1,1.6,1,1.6,1,1,1,1.6,1,1.6,1,1.6,1,1.6,1.6,1,1,1,0.39,1.6,1,1.6,1.6,1,1,1,1.6,1,1,1,1.6,1,0.625,1,1,1,1,1,1,1.6,1,1,1,1,1,1,1,1,1.6,1,1,1,1,1,1,1,1,1,1,1.6,1,1,1,1,1,1.6,1,1,1,1,1,1,1,1,1,1,1,1,1,1,1.6,1,1,1,1.6,0.625,1,1,1,1,1,1,1,1,1.6,0.625,1,0.625,1,1,1,1,1,1.6,1,1,1,1.6,1,1,1,1,1,1,1,1,1,1,0.625,1,1,1,1,1
ELEctric,,1,1.6,1,0.625,1.6,1,1,1,1,0.625,1,1,0.625,0.39,1,1,1,1,0.625,0.625,1,1,1.6,1.6,1.6,1,1,1,0.625,1,0.625,1,1,1,1,1,0.39,1,0.625,0.625,0.625,1,1,1,0.39,2.56,0.39,1,1.6,0.625,1.6,0.625,0.625,0.39,1.6,1,1.6,0.39,1.6,0.625,1.6,1.6,0.625,0.625,1,0.39,1.6,1,1.6,1.6,1,1,1,1.6,1,0.625,1,1.6,1,0.625,0.39,0.625,0.625,1,0.625,1,1.6,1,0.39,0.39,1,1,1,1,1,1.6,1,0.625,0.625,1,1,0.39,1,1,1,1,1.6,1,1,0.39,1,1,1.6,1,0.625,1,0.39,1,1,1,0.625,0.625,1,1,0.625,1,1,1.6,0.625,0.625,0.625,1.6,0.625,1,0.39,0.625,0.39,1,0.625,1,1,1.6,0.625,1,0.625,1,1,0.625,1,0.39,1.6,0.39,1,1,1.6,1,0.625,1,0.625,1,1,1,1,1,0.625,0.39,0.625,1,0.625,0.625,1
normal,POIson,0.625,0.625,0.39,0.625,0.625,0.625,0.625,0.625,0.625,0.625,0.625,0.625,0.625,0.625,0.625,0.625,0.625,1,0.625,1.6,1,0.625,1,0.625,1.6,1,1,0.625,1,1.6,1.6,1.6,0.625,1,1,1,1,1.6,1,1,0.625,1,1,1,1,1,1,0.625,1,1,1,1,1,1,1,1.6,1,1,1,1,1,1,1,1,1,0.625,0.625,0.625,1,1,1,0.625,0.625,1,1,1,1,1.6,0.625,1,1,1,1.6,1,1,1,1,1,1,1,1,1.6,1,1,1,0.625,1.6,1,1,1,0.625,1,1,1.6,1,1,1,1,1,1,0.625,1.6,1,1,1.6,1,1,0.625,1,1,1,2.56,0.625,1,1,0.625,1,1,1,1,1,0.625,0.625,1,1,1.6,1,0.625,1.6,1,1.6,1,1,0.625,0.625,0.625,1,1,0.625,1,1,1,1,1,1,1.6,1.6,0.625,1.6,0.625,1,1,1,1,1.6,0.625,1.6,1,1.6,1.6,0.625
POIson,,0.39,0.39,0.39,0.39,0.39,0.39,0.39,0.39,0.625,0.39,0.39,0.39,0.39,0.39,0.39,0.625,0.39,0.625,0.625,1.6,1,0.39,0.625,0.625,1.6,1,0.625,0.625,0.625,1.6,1.6,1.6,0.625,1,1,0.625,0.625,1.6,1,1,0.625,1,1,1,0.625,1,1,0.625,1,1,1,1,0.625,0.625,1,1.6,1,0.625,0.625,1,1,1,1,1,1,0.625,0.625,0.625,1,1,1,0.39,0.39,1,1,1,1,1.6,0.625,1,0.625,1,1.6,0.625,1,0.625,1,1,0.625,0.625,1,1.6,1,1,0.625,0.625,1.6,1,1,0.625,0.625,0.625,1,1.6,1,1,1,1,1,0.625,0.625,1.6,1,1,1.6,1,0.625,0.625,1,1,1,2.56,0.625,0.625,1,0.625,1,1,1,1,1,0.625,0.625,1,0.625,1.6,0.625,0.625,1.6,1,1.6,1,1,0.625,0.625,0.625,1,1,0.625,1,1,0.625,1,1,1,1.6,1.6,0.625,1.6,0.625,1,1,1,1,1.6,0.625,1.6,1,1.6,1.6,0.625
BUG,DRAgon,0.625,0.625,0.625,1,0.625,0.625,0.625,0.625,1,0.625,1,0.625,1,0.625,0.625,1,1,1,1,0.625,1,0.625,1,1,0.625,0.625,1,1,1,0.625,0.625,0.625,1,0.625,1,1,1,0.625,1,1,1.6,1,1,1,1,1,0.625,1,1,1,1,1,1.6,1,1,1,1,1,1,1.6,1,1,1.6,1,1,1,1,1,1,1,1.6,0.625,0.625,1.6,1,1.6,1.6,0.625,1,1,1,1.6,1,1,1.6,1,1,1,1,1,1,1,1.6,1,1,1,0.625,1.6,1,1,1,1,1,1.6,1,1,1.6,0.625,1.6,1.6,1,0.625,1,1.6,1.6,1,1.6,1,1,1.6,1.6,1,1,1,1.6,1,1.6,1,1,1.6,1.6,1,1,1,1.6,1.6,1,1,1.6,2.56,0.625,1,1.6,1,1.6,1,1,1.6,1,1.6,1,1,1,1.6,1,1,2.56,1.6,1,1.6,1,1,1.6,1.6,2.56,1,1.6,1,1.6,1.6,1
DRAgon,,0.39,0.625,0.625,1,0.625,0.625,0.625,0.625,1,0.625,0.625,0.625,0.625,0.625,0.625,1,0.625,1,1,0.39,1,0.625,1,1,0.39,0.39,1,1,1,0.39,0.39,0.39,1,0.39,1,1,1,0.39,1,1,1.6,1,1,1,1,1,0.39,1,1,1,1,1,1.6,1,1,0.39,1,1,1,1,1,1,1.6,1,1,1,1,1,1,1,1.6,0.625,0.625,1,1,1.6,1,0.39,1,1,1,1.6,1,1,1.6,1,1,1,1,1,1,0.39,1,1,1,1,0.39,1,1,1,1,1,1,1,1,1,1,0.39,1.6,1,1,0.39,1,1,1,1,1.6,1,1,1,1.6,0.39,1,1,1.6,1,1,1,1,1.6,1.6,1,1,1,1,1,1,1,1,1,0.39,1,1,1,1.6,1,1,1.6,1,1,1,1,1,1,1,1,1,1,1,1,1,1,1,1,1,1,1.6,1,1,1,1
normal,,0.625,0.625,0.39,0.625,0.625,0.625,0.625,0.625,0.39,0.625,0.625,0.625,0.625,0.625,0.625,0.39,0.625,1,0.39,1,1,0.625,1,0.39,1,0.39,1,0.39,1,1,1,1,0.39,1,1,1,1,1,1,1,0.39,1,1,1,1,1,1,0.39,1,1,1,1,1,1,1,1,1,1,1,1,1,1,1,1,1,0.39,0.39,0.39,1,1,1,0.625,0.625,1,1,1,1,1,0.39,0.39,1,1,1,1,1,1,1,1,1,1,1,1,1,1,1,0.625,1,1,1,1,0.39,1,1,1,1,1,1,0.625,1,1,0.39,1,1,1,1,1,1,0.625,1,1,1,1,0.625,1,1,0.39,1,1,1,1,1,0.625,0.625,1,1,1,1,0.625,1,1,1,1,0.625,0.625,0.625,0.625,1,1,0.625,1,1,1,1,1,1,1,1,0.625,1,0.625,1,1,1,1,1,0.625,1,1,1,1,0.625
